dataset,entropy_type,size_kb,algorithm,run_id,compress_ms,decompress_ms,input_bytes,compressed_bytes,compression_ratio
DS_HIGH_ENTROPY_1KB.json,HIGH_ENTROPY,1,Huffman,1,0.922900,0.968600,1024,1861,0.550242
DS_HIGH_ENTROPY_1KB.json,HIGH_ENTROPY,1,Huffman,2,0.725100,1.057900,1024,1861,0.550242
DS_HIGH_ENTROPY_1KB.json,HIGH_ENTROPY,1,Huffman,3,0.642500,1.027800,1024,1861,0.550242
DS_HIGH_ENTROPY_1KB.json,HIGH_ENTROPY,1,Huffman,4,1.087500,1.180200,1024,1861,0.550242
DS_HIGH_ENTROPY_1KB.json,HIGH_ENTROPY,1,Huffman,5,0.741500,0.621600,1024,1861,0.550242
DS_HIGH_ENTROPY_1KB.json,HIGH_ENTROPY,1,Huffman,6,0.806900,0.746700,1024,1861,0.550242
DS_HIGH_ENTROPY_1KB.json,HIGH_ENTROPY,1,Huffman,7,0.449300,0.367400,1024,1861,0.550242
DS_HIGH_ENTROPY_1KB.json,HIGH_ENTROPY,1,Huffman,8,0.681800,0.407900,1024,1861,0.550242
DS_HIGH_ENTROPY_1KB.json,HIGH_ENTROPY,1,Huffman,9,0.575500,0.351400,1024,1861,0.550242
DS_HIGH_ENTROPY_1KB.json,HIGH_ENTROPY,1,Huffman,10,0.759600,0.375100,1024,1861,0.550242
DS_HIGH_ENTROPY_1KB.json,HIGH_ENTROPY,1,Huffman,11,0.628900,0.390800,1024,1861,0.550242
DS_HIGH_ENTROPY_1KB.json,HIGH_ENTROPY,1,Huffman,12,0.745100,0.261600,1024,1861,0.550242
DS_HIGH_ENTROPY_1KB.json,HIGH_ENTROPY,1,Huffman,13,0.722700,0.241400,1024,1861,0.550242
DS_HIGH_ENTROPY_1KB.json,HIGH_ENTROPY,1,Huffman,14,0.502100,0.703300,1024,1861,0.550242
DS_HIGH_ENTROPY_1KB.json,HIGH_ENTROPY,1,Huffman,15,0.685100,0.794600,1024,1861,0.550242
DS_HIGH_ENTROPY_1KB.json,HIGH_ENTROPY,1,Huffman,16,0.835900,0.338400,1024,1861,0.550242
DS_HIGH_ENTROPY_1KB.json,HIGH_ENTROPY,1,Huffman,17,0.465600,0.289900,1024,1861,0.550242
DS_HIGH_ENTROPY_1KB.json,HIGH_ENTROPY,1,Huffman,18,0.905400,0.383300,1024,1861,0.550242
DS_HIGH_ENTROPY_1KB.json,HIGH_ENTROPY,1,Huffman,19,0.943300,0.579200,1024,1861,0.550242
DS_HIGH_ENTROPY_1KB.json,HIGH_ENTROPY,1,Huffman,20,1.042000,0.690300,1024,1861,0.550242
DS_HIGH_ENTROPY_1KB.json,HIGH_ENTROPY,1,Huffman,21,0.578600,0.443000,1024,1861,0.550242
DS_HIGH_ENTROPY_1KB.json,HIGH_ENTROPY,1,Huffman,22,0.624900,0.654800,1024,1861,0.550242
DS_HIGH_ENTROPY_1KB.json,HIGH_ENTROPY,1,Huffman,23,0.560800,0.407500,1024,1861,0.550242
DS_HIGH_ENTROPY_1KB.json,HIGH_ENTROPY,1,Huffman,24,0.957000,0.379700,1024,1861,0.550242
DS_HIGH_ENTROPY_1KB.json,HIGH_ENTROPY,1,Huffman,25,0.558200,0.283300,1024,1861,0.550242
DS_HIGH_ENTROPY_1KB.json,HIGH_ENTROPY,1,Huffman,26,0.520500,0.374400,1024,1861,0.550242
DS_HIGH_ENTROPY_1KB.json,HIGH_ENTROPY,1,Huffman,27,0.590600,0.518100,1024,1861,0.550242
DS_HIGH_ENTROPY_1KB.json,HIGH_ENTROPY,1,Huffman,28,0.743500,0.567700,1024,1861,0.550242
DS_HIGH_ENTROPY_1KB.json,HIGH_ENTROPY,1,Huffman,29,0.466500,0.446900,1024,1861,0.550242
DS_HIGH_ENTROPY_1KB.json,HIGH_ENTROPY,1,Huffman,30,0.915200,0.410400,1024,1861,0.550242
DS_HIGH_ENTROPY_1KB.json,HIGH_ENTROPY,1,LZW,1,0.699200,0.512400,1024,3908,0.262027
DS_HIGH_ENTROPY_1KB.json,HIGH_ENTROPY,1,LZW,2,1.414000,0.544800,1024,3908,0.262027
DS_HIGH_ENTROPY_1KB.json,HIGH_ENTROPY,1,LZW,3,0.906600,0.769200,1024,3908,0.262027
DS_HIGH_ENTROPY_1KB.json,HIGH_ENTROPY,1,LZW,4,0.670700,0.533300,1024,3908,0.262027
DS_HIGH_ENTROPY_1KB.json,HIGH_ENTROPY,1,LZW,5,0.654100,0.539500,1024,3908,0.262027
DS_HIGH_ENTROPY_1KB.json,HIGH_ENTROPY,1,LZW,6,0.975900,0.688500,1024,3908,0.262027
DS_HIGH_ENTROPY_1KB.json,HIGH_ENTROPY,1,LZW,7,0.826500,1.055500,1024,3908,0.262027
DS_HIGH_ENTROPY_1KB.json,HIGH_ENTROPY,1,LZW,8,0.946300,0.540000,1024,3908,0.262027
DS_HIGH_ENTROPY_1KB.json,HIGH_ENTROPY,1,LZW,9,0.854400,0.705800,1024,3908,0.262027
DS_HIGH_ENTROPY_1KB.json,HIGH_ENTROPY,1,LZW,10,1.240300,0.684600,1024,3908,0.262027
DS_HIGH_ENTROPY_1KB.json,HIGH_ENTROPY,1,LZW,11,1.013800,0.632800,1024,3908,0.262027
DS_HIGH_ENTROPY_1KB.json,HIGH_ENTROPY,1,LZW,12,0.693600,0.491600,1024,3908,0.262027
DS_HIGH_ENTROPY_1KB.json,HIGH_ENTROPY,1,LZW,13,0.781100,0.509300,1024,3908,0.262027
DS_HIGH_ENTROPY_1KB.json,HIGH_ENTROPY,1,LZW,14,0.870000,0.685800,1024,3908,0.262027
DS_HIGH_ENTROPY_1KB.json,HIGH_ENTROPY,1,LZW,15,0.816000,0.634600,1024,3908,0.262027
DS_HIGH_ENTROPY_1KB.json,HIGH_ENTROPY,1,LZW,16,0.965600,0.506500,1024,3908,0.262027
DS_HIGH_ENTROPY_1KB.json,HIGH_ENTROPY,1,LZW,17,0.687100,0.864100,1024,3908,0.262027
DS_HIGH_ENTROPY_1KB.json,HIGH_ENTROPY,1,LZW,18,0.626600,0.494100,1024,3908,0.262027
DS_HIGH_ENTROPY_1KB.json,HIGH_ENTROPY,1,LZW,19,0.657000,0.506400,1024,3908,0.262027
DS_HIGH_ENTROPY_1KB.json,HIGH_ENTROPY,1,LZW,20,0.635200,0.493800,1024,3908,0.262027
DS_HIGH_ENTROPY_1KB.json,HIGH_ENTROPY,1,LZW,21,0.826400,0.557800,1024,3908,0.262027
DS_HIGH_ENTROPY_1KB.json,HIGH_ENTROPY,1,LZW,22,0.698600,0.726100,1024,3908,0.262027
DS_HIGH_ENTROPY_1KB.json,HIGH_ENTROPY,1,LZW,23,0.692700,0.650200,1024,3908,0.262027
DS_HIGH_ENTROPY_1KB.json,HIGH_ENTROPY,1,LZW,24,0.698300,0.646300,1024,3908,0.262027
DS_HIGH_ENTROPY_1KB.json,HIGH_ENTROPY,1,LZW,25,1.226400,0.559300,1024,3908,0.262027
DS_HIGH_ENTROPY_1KB.json,HIGH_ENTROPY,1,LZW,26,1.358000,0.546700,1024,3908,0.262027
DS_HIGH_ENTROPY_1KB.json,HIGH_ENTROPY,1,LZW,27,0.974300,0.263300,1024,3908,0.262027
DS_HIGH_ENTROPY_1KB.json,HIGH_ENTROPY,1,LZW,28,0.560400,0.317800,1024,3908,0.262027
DS_HIGH_ENTROPY_1KB.json,HIGH_ENTROPY,1,LZW,29,0.404200,0.388800,1024,3908,0.262027
DS_HIGH_ENTROPY_1KB.json,HIGH_ENTROPY,1,LZW,30,0.273400,0.277500,1024,3908,0.262027
DS_HIGH_ENTROPY_2KB.json,HIGH_ENTROPY,2,Huffman,1,0.706400,0.152000,2048,2691,0.761055
DS_HIGH_ENTROPY_2KB.json,HIGH_ENTROPY,2,Huffman,2,0.520000,0.185600,2048,2691,0.761055
DS_HIGH_ENTROPY_2KB.json,HIGH_ENTROPY,2,Huffman,3,0.473800,0.184700,2048,2691,0.761055
DS_HIGH_ENTROPY_2KB.json,HIGH_ENTROPY,2,Huffman,4,0.462700,0.189800,2048,2691,0.761055
DS_HIGH_ENTROPY_2KB.json,HIGH_ENTROPY,2,Huffman,5,0.423200,0.141200,2048,2691,0.761055
DS_HIGH_ENTROPY_2KB.json,HIGH_ENTROPY,2,Huffman,6,0.572900,0.266800,2048,2691,0.761055
DS_HIGH_ENTROPY_2KB.json,HIGH_ENTROPY,2,Huffman,7,0.325400,0.133800,2048,2691,0.761055
DS_HIGH_ENTROPY_2KB.json,HIGH_ENTROPY,2,Huffman,8,0.535700,0.194000,2048,2691,0.761055
DS_HIGH_ENTROPY_2KB.json,HIGH_ENTROPY,2,Huffman,9,0.706000,0.206800,2048,2691,0.761055
DS_HIGH_ENTROPY_2KB.json,HIGH_ENTROPY,2,Huffman,10,0.430800,0.173000,2048,2691,0.761055
DS_HIGH_ENTROPY_2KB.json,HIGH_ENTROPY,2,Huffman,11,0.325600,0.114000,2048,2691,0.761055
DS_HIGH_ENTROPY_2KB.json,HIGH_ENTROPY,2,Huffman,12,0.352700,0.114300,2048,2691,0.761055
DS_HIGH_ENTROPY_2KB.json,HIGH_ENTROPY,2,Huffman,13,0.513800,0.193200,2048,2691,0.761055
DS_HIGH_ENTROPY_2KB.json,HIGH_ENTROPY,2,Huffman,14,0.418900,0.138500,2048,2691,0.761055
DS_HIGH_ENTROPY_2KB.json,HIGH_ENTROPY,2,Huffman,15,0.430800,0.151600,2048,2691,0.761055
DS_HIGH_ENTROPY_2KB.json,HIGH_ENTROPY,2,Huffman,16,0.349000,0.114800,2048,2691,0.761055
DS_HIGH_ENTROPY_2KB.json,HIGH_ENTROPY,2,Huffman,17,0.475300,0.140600,2048,2691,0.761055
DS_HIGH_ENTROPY_2KB.json,HIGH_ENTROPY,2,Huffman,18,0.422800,0.144900,2048,2691,0.761055
DS_HIGH_ENTROPY_2KB.json,HIGH_ENTROPY,2,Huffman,19,0.704100,0.262000,2048,2691,0.761055
DS_HIGH_ENTROPY_2KB.json,HIGH_ENTROPY,2,Huffman,20,0.436500,0.154700,2048,2691,0.761055
DS_HIGH_ENTROPY_2KB.json,HIGH_ENTROPY,2,Huffman,21,0.327100,0.114300,2048,2691,0.761055
DS_HIGH_ENTROPY_2KB.json,HIGH_ENTROPY,2,Huffman,22,0.318300,0.113400,2048,2691,0.761055
DS_HIGH_ENTROPY_2KB.json,HIGH_ENTROPY,2,Huffman,23,0.445500,0.155600,2048,2691,0.761055
DS_HIGH_ENTROPY_2KB.json,HIGH_ENTROPY,2,Huffman,24,0.453900,0.166900,2048,2691,0.761055
DS_HIGH_ENTROPY_2KB.json,HIGH_ENTROPY,2,Huffman,25,0.346000,0.114100,2048,2691,0.761055
DS_HIGH_ENTROPY_2KB.json,HIGH_ENTROPY,2,Huffman,26,0.472100,0.171900,2048,2691,0.761055
DS_HIGH_ENTROPY_2KB.json,HIGH_ENTROPY,2,Huffman,27,0.486200,0.161600,2048,2691,0.761055
DS_HIGH_ENTROPY_2KB.json,HIGH_ENTROPY,2,Huffman,28,0.420200,0.118000,2048,2691,0.761055
DS_HIGH_ENTROPY_2KB.json,HIGH_ENTROPY,2,Huffman,29,0.369900,0.122600,2048,2691,0.761055
DS_HIGH_ENTROPY_2KB.json,HIGH_ENTROPY,2,Huffman,30,0.459000,0.115500,2048,2691,0.761055
DS_HIGH_ENTROPY_2KB.json,HIGH_ENTROPY,2,LZW,1,0.476700,0.332800,2048,7456,0.274678
DS_HIGH_ENTROPY_2KB.json,HIGH_ENTROPY,2,LZW,2,0.600100,0.346300,2048,7456,0.274678
DS_HIGH_ENTROPY_2KB.json,HIGH_ENTROPY,2,LZW,3,0.834900,0.538700,2048,7456,0.274678
DS_HIGH_ENTROPY_2KB.json,HIGH_ENTROPY,2,LZW,4,0.496800,0.447000,2048,7456,0.274678
DS_HIGH_ENTROPY_2KB.json,HIGH_ENTROPY,2,LZW,5,0.679600,0.587100,2048,7456,0.274678
DS_HIGH_ENTROPY_2KB.json,HIGH_ENTROPY,2,LZW,6,0.780500,0.607900,2048,7456,0.274678
DS_HIGH_ENTROPY_2KB.json,HIGH_ENTROPY,2,LZW,7,0.789800,0.590300,2048,7456,0.274678
DS_HIGH_ENTROPY_2KB.json,HIGH_ENTROPY,2,LZW,8,1.167800,0.425000,2048,7456,0.274678
DS_HIGH_ENTROPY_2KB.json,HIGH_ENTROPY,2,LZW,9,1.040800,0.508300,2048,7456,0.274678
DS_HIGH_ENTROPY_2KB.json,HIGH_ENTROPY,2,LZW,10,0.689300,0.514000,2048,7456,0.274678
DS_HIGH_ENTROPY_2KB.json,HIGH_ENTROPY,2,LZW,11,0.524300,0.867400,2048,7456,0.274678
DS_HIGH_ENTROPY_2KB.json,HIGH_ENTROPY,2,LZW,12,1.013000,0.441400,2048,7456,0.274678
DS_HIGH_ENTROPY_2KB.json,HIGH_ENTROPY,2,LZW,13,0.686400,0.506000,2048,7456,0.274678
DS_HIGH_ENTROPY_2KB.json,HIGH_ENTROPY,2,LZW,14,1.108400,0.505300,2048,7456,0.274678
DS_HIGH_ENTROPY_2KB.json,HIGH_ENTROPY,2,LZW,15,0.502900,0.489900,2048,7456,0.274678
DS_HIGH_ENTROPY_2KB.json,HIGH_ENTROPY,2,LZW,16,0.857100,0.447600,2048,7456,0.274678
DS_HIGH_ENTROPY_2KB.json,HIGH_ENTROPY,2,LZW,17,0.483600,0.337400,2048,7456,0.274678
DS_HIGH_ENTROPY_2KB.json,HIGH_ENTROPY,2,LZW,18,0.690500,0.510700,2048,7456,0.274678
DS_HIGH_ENTROPY_2KB.json,HIGH_ENTROPY,2,LZW,19,0.976400,0.343000,2048,7456,0.274678
DS_HIGH_ENTROPY_2KB.json,HIGH_ENTROPY,2,LZW,20,0.681900,0.520900,2048,7456,0.274678
DS_HIGH_ENTROPY_2KB.json,HIGH_ENTROPY,2,LZW,21,0.958700,0.390700,2048,7456,0.274678
DS_HIGH_ENTROPY_2KB.json,HIGH_ENTROPY,2,LZW,22,0.582800,0.388900,2048,7456,0.274678
DS_HIGH_ENTROPY_2KB.json,HIGH_ENTROPY,2,LZW,23,1.048500,0.716200,2048,7456,0.274678
DS_HIGH_ENTROPY_2KB.json,HIGH_ENTROPY,2,LZW,24,0.809800,0.564500,2048,7456,0.274678
DS_HIGH_ENTROPY_2KB.json,HIGH_ENTROPY,2,LZW,25,1.199300,0.727400,2048,7456,0.274678
DS_HIGH_ENTROPY_2KB.json,HIGH_ENTROPY,2,LZW,26,0.774200,0.552500,2048,7456,0.274678
DS_HIGH_ENTROPY_2KB.json,HIGH_ENTROPY,2,LZW,27,0.619300,0.484200,2048,7456,0.274678
DS_HIGH_ENTROPY_2KB.json,HIGH_ENTROPY,2,LZW,28,0.459900,0.376300,2048,7456,0.274678
DS_HIGH_ENTROPY_2KB.json,HIGH_ENTROPY,2,LZW,29,0.691100,0.485900,2048,7456,0.274678
DS_HIGH_ENTROPY_2KB.json,HIGH_ENTROPY,2,LZW,30,0.909700,0.467200,2048,7456,0.274678
DS_HIGH_ENTROPY_5KB.json,HIGH_ENTROPY,5,Huffman,1,1.118500,0.252300,5120,5183,0.987845
DS_HIGH_ENTROPY_5KB.json,HIGH_ENTROPY,5,Huffman,2,1.148300,0.377100,5120,5183,0.987845
DS_HIGH_ENTROPY_5KB.json,HIGH_ENTROPY,5,Huffman,3,1.184800,0.269700,5120,5183,0.987845
DS_HIGH_ENTROPY_5KB.json,HIGH_ENTROPY,5,Huffman,4,1.044200,0.266300,5120,5183,0.987845
DS_HIGH_ENTROPY_5KB.json,HIGH_ENTROPY,5,Huffman,5,0.738200,0.244600,5120,5183,0.987845
DS_HIGH_ENTROPY_5KB.json,HIGH_ENTROPY,5,Huffman,6,0.758500,0.254800,5120,5183,0.987845
DS_HIGH_ENTROPY_5KB.json,HIGH_ENTROPY,5,Huffman,7,0.806200,0.284500,5120,5183,0.987845
DS_HIGH_ENTROPY_5KB.json,HIGH_ENTROPY,5,Huffman,8,0.689900,0.205900,5120,5183,0.987845
DS_HIGH_ENTROPY_5KB.json,HIGH_ENTROPY,5,Huffman,9,0.796300,0.256600,5120,5183,0.987845
DS_HIGH_ENTROPY_5KB.json,HIGH_ENTROPY,5,Huffman,10,0.800500,0.280000,5120,5183,0.987845
DS_HIGH_ENTROPY_5KB.json,HIGH_ENTROPY,5,Huffman,11,0.985600,0.200500,5120,5183,0.987845
DS_HIGH_ENTROPY_5KB.json,HIGH_ENTROPY,5,Huffman,12,0.792200,0.254400,5120,5183,0.987845
DS_HIGH_ENTROPY_5KB.json,HIGH_ENTROPY,5,Huffman,13,0.581500,0.198200,5120,5183,0.987845
DS_HIGH_ENTROPY_5KB.json,HIGH_ENTROPY,5,Huffman,14,0.605700,0.193900,5120,5183,0.987845
DS_HIGH_ENTROPY_5KB.json,HIGH_ENTROPY,5,Huffman,15,1.123200,0.253700,5120,5183,0.987845
DS_HIGH_ENTROPY_5KB.json,HIGH_ENTROPY,5,Huffman,16,0.988200,0.294500,5120,5183,0.987845
DS_HIGH_ENTROPY_5KB.json,HIGH_ENTROPY,5,Huffman,17,0.758700,0.261500,5120,5183,0.987845
DS_HIGH_ENTROPY_5KB.json,HIGH_ENTROPY,5,Huffman,18,0.599900,0.193300,5120,5183,0.987845
DS_HIGH_ENTROPY_5KB.json,HIGH_ENTROPY,5,Huffman,19,1.312300,0.345500,5120,5183,0.987845
DS_HIGH_ENTROPY_5KB.json,HIGH_ENTROPY,5,Huffman,20,0.887200,0.256200,5120,5183,0.987845
DS_HIGH_ENTROPY_5KB.json,HIGH_ENTROPY,5,Huffman,21,0.732400,0.240400,5120,5183,0.987845
DS_HIGH_ENTROPY_5KB.json,HIGH_ENTROPY,5,Huffman,22,0.674200,0.253200,5120,5183,0.987845
DS_HIGH_ENTROPY_5KB.json,HIGH_ENTROPY,5,Huffman,23,0.744300,0.258300,5120,5183,0.987845
DS_HIGH_ENTROPY_5KB.json,HIGH_ENTROPY,5,Huffman,24,0.764000,0.261400,5120,5183,0.987845
DS_HIGH_ENTROPY_5KB.json,HIGH_ENTROPY,5,Huffman,25,0.981100,0.265300,5120,5183,0.987845
DS_HIGH_ENTROPY_5KB.json,HIGH_ENTROPY,5,Huffman,26,0.764600,0.257500,5120,5183,0.987845
DS_HIGH_ENTROPY_5KB.json,HIGH_ENTROPY,5,Huffman,27,0.833000,0.270100,5120,5183,0.987845
DS_HIGH_ENTROPY_5KB.json,HIGH_ENTROPY,5,Huffman,28,0.773700,0.249900,5120,5183,0.987845
DS_HIGH_ENTROPY_5KB.json,HIGH_ENTROPY,5,Huffman,29,0.793900,0.284000,5120,5183,0.987845
DS_HIGH_ENTROPY_5KB.json,HIGH_ENTROPY,5,Huffman,30,0.803700,0.259100,5120,5183,0.987845
DS_HIGH_ENTROPY_5KB.json,HIGH_ENTROPY,5,LZW,1,1.652900,1.291700,5120,16728,0.306074
DS_HIGH_ENTROPY_5KB.json,HIGH_ENTROPY,5,LZW,2,1.251500,0.820500,5120,16728,0.306074
DS_HIGH_ENTROPY_5KB.json,HIGH_ENTROPY,5,LZW,3,2.219600,0.687200,5120,16728,0.306074
DS_HIGH_ENTROPY_5KB.json,HIGH_ENTROPY,5,LZW,4,1.557400,0.690600,5120,16728,0.306074
DS_HIGH_ENTROPY_5KB.json,HIGH_ENTROPY,5,LZW,5,1.450300,0.708600,5120,16728,0.306074
DS_HIGH_ENTROPY_5KB.json,HIGH_ENTROPY,5,LZW,6,1.805500,0.686300,5120,16728,0.306074
DS_HIGH_ENTROPY_5KB.json,HIGH_ENTROPY,5,LZW,7,1.305900,0.690400,5120,16728,0.306074
DS_HIGH_ENTROPY_5KB.json,HIGH_ENTROPY,5,LZW,8,1.470300,1.311800,5120,16728,0.306074
DS_HIGH_ENTROPY_5KB.json,HIGH_ENTROPY,5,LZW,9,1.793100,1.141000,5120,16728,0.306074
DS_HIGH_ENTROPY_5KB.json,HIGH_ENTROPY,5,LZW,10,1.250500,0.681200,5120,16728,0.306074
DS_HIGH_ENTROPY_5KB.json,HIGH_ENTROPY,5,LZW,11,2.072200,1.057100,5120,16728,0.306074
DS_HIGH_ENTROPY_5KB.json,HIGH_ENTROPY,5,LZW,12,1.518200,0.674800,5120,16728,0.306074
DS_HIGH_ENTROPY_5KB.json,HIGH_ENTROPY,5,LZW,13,1.800900,1.155600,5120,16728,0.306074
DS_HIGH_ENTROPY_5KB.json,HIGH_ENTROPY,5,LZW,14,1.842100,1.080700,5120,16728,0.306074
DS_HIGH_ENTROPY_5KB.json,HIGH_ENTROPY,5,LZW,15,1.734100,1.130700,5120,16728,0.306074
DS_HIGH_ENTROPY_5KB.json,HIGH_ENTROPY,5,LZW,16,1.123500,0.748900,5120,16728,0.306074
DS_HIGH_ENTROPY_5KB.json,HIGH_ENTROPY,5,LZW,17,1.081100,0.707500,5120,16728,0.306074
DS_HIGH_ENTROPY_5KB.json,HIGH_ENTROPY,5,LZW,18,1.056300,0.715000,5120,16728,0.306074
DS_HIGH_ENTROPY_5KB.json,HIGH_ENTROPY,5,LZW,19,1.057200,0.697200,5120,16728,0.306074
DS_HIGH_ENTROPY_5KB.json,HIGH_ENTROPY,5,LZW,20,1.600200,0.689800,5120,16728,0.306074
DS_HIGH_ENTROPY_5KB.json,HIGH_ENTROPY,5,LZW,21,1.739800,1.091200,5120,16728,0.306074
DS_HIGH_ENTROPY_5KB.json,HIGH_ENTROPY,5,LZW,22,0.990800,0.682400,5120,16728,0.306074
DS_HIGH_ENTROPY_5KB.json,HIGH_ENTROPY,5,LZW,23,2.287700,1.007800,5120,16728,0.306074
DS_HIGH_ENTROPY_5KB.json,HIGH_ENTROPY,5,LZW,24,1.509000,0.702200,5120,16728,0.306074
DS_HIGH_ENTROPY_5KB.json,HIGH_ENTROPY,5,LZW,25,1.551800,0.684500,5120,16728,0.306074
DS_HIGH_ENTROPY_5KB.json,HIGH_ENTROPY,5,LZW,26,1.501800,0.720600,5120,16728,0.306074
DS_HIGH_ENTROPY_5KB.json,HIGH_ENTROPY,5,LZW,27,1.871200,1.093900,5120,16728,0.306074
DS_HIGH_ENTROPY_5KB.json,HIGH_ENTROPY,5,LZW,28,1.600600,1.119900,5120,16728,0.306074
DS_HIGH_ENTROPY_5KB.json,HIGH_ENTROPY,5,LZW,29,1.981100,1.093000,5120,16728,0.306074
DS_HIGH_ENTROPY_5KB.json,HIGH_ENTROPY,5,LZW,30,1.903100,1.333000,5120,16728,0.306074
DS_HIGH_ENTROPY_10KB.json,HIGH_ENTROPY,10,Huffman,1,0.559900,0.324500,10240,9355,1.094602
DS_HIGH_ENTROPY_10KB.json,HIGH_ENTROPY,10,Huffman,2,0.922200,0.382500,10240,9355,1.094602
DS_HIGH_ENTROPY_10KB.json,HIGH_ENTROPY,10,Huffman,3,0.955800,0.537300,10240,9355,1.094602
DS_HIGH_ENTROPY_10KB.json,HIGH_ENTROPY,10,Huffman,4,0.567500,0.407700,10240,9355,1.094602
DS_HIGH_ENTROPY_10KB.json,HIGH_ENTROPY,10,Huffman,5,0.850200,1.077900,10240,9355,1.094602
DS_HIGH_ENTROPY_10KB.json,HIGH_ENTROPY,10,Huffman,6,0.841300,0.377900,10240,9355,1.094602
DS_HIGH_ENTROPY_10KB.json,HIGH_ENTROPY,10,Huffman,7,0.537200,0.353200,10240,9355,1.094602
DS_HIGH_ENTROPY_10KB.json,HIGH_ENTROPY,10,Huffman,8,0.939700,0.418700,10240,9355,1.094602
DS_HIGH_ENTROPY_10KB.json,HIGH_ENTROPY,10,Huffman,9,0.528600,0.327700,10240,9355,1.094602
DS_HIGH_ENTROPY_10KB.json,HIGH_ENTROPY,10,Huffman,10,0.529300,0.567600,10240,9355,1.094602
DS_HIGH_ENTROPY_10KB.json,HIGH_ENTROPY,10,Huffman,11,0.626000,0.385200,10240,9355,1.094602
DS_HIGH_ENTROPY_10KB.json,HIGH_ENTROPY,10,Huffman,12,0.794000,0.329800,10240,9355,1.094602
DS_HIGH_ENTROPY_10KB.json,HIGH_ENTROPY,10,Huffman,13,0.630400,0.330400,10240,9355,1.094602
DS_HIGH_ENTROPY_10KB.json,HIGH_ENTROPY,10,Huffman,14,0.533200,0.330700,10240,9355,1.094602
DS_HIGH_ENTROPY_10KB.json,HIGH_ENTROPY,10,Huffman,15,0.520900,0.326700,10240,9355,1.094602
DS_HIGH_ENTROPY_10KB.json,HIGH_ENTROPY,10,Huffman,16,0.643400,0.386700,10240,9355,1.094602
DS_HIGH_ENTROPY_10KB.json,HIGH_ENTROPY,10,Huffman,17,0.569800,0.332200,10240,9355,1.094602
DS_HIGH_ENTROPY_10KB.json,HIGH_ENTROPY,10,Huffman,18,0.751600,0.656500,10240,9355,1.094602
DS_HIGH_ENTROPY_10KB.json,HIGH_ENTROPY,10,Huffman,19,0.688100,0.433500,10240,9355,1.094602
DS_HIGH_ENTROPY_10KB.json,HIGH_ENTROPY,10,Huffman,20,0.915000,0.372500,10240,9355,1.094602
DS_HIGH_ENTROPY_10KB.json,HIGH_ENTROPY,10,Huffman,21,0.567000,0.337200,10240,9355,1.094602
DS_HIGH_ENTROPY_10KB.json,HIGH_ENTROPY,10,Huffman,22,0.700300,0.575300,10240,9355,1.094602
DS_HIGH_ENTROPY_10KB.json,HIGH_ENTROPY,10,Huffman,23,0.541600,0.326400,10240,9355,1.094602
DS_HIGH_ENTROPY_10KB.json,HIGH_ENTROPY,10,Huffman,24,0.709900,0.438800,10240,9355,1.094602
DS_HIGH_ENTROPY_10KB.json,HIGH_ENTROPY,10,Huffman,25,0.755300,0.478400,10240,9355,1.094602
DS_HIGH_ENTROPY_10KB.json,HIGH_ENTROPY,10,Huffman,26,0.523600,0.328700,10240,9355,1.094602
DS_HIGH_ENTROPY_10KB.json,HIGH_ENTROPY,10,Huffman,27,0.578900,0.328200,10240,9355,1.094602
DS_HIGH_ENTROPY_10KB.json,HIGH_ENTROPY,10,Huffman,28,0.560500,0.584100,10240,9355,1.094602
DS_HIGH_ENTROPY_10KB.json,HIGH_ENTROPY,10,Huffman,29,0.900000,0.366900,10240,9355,1.094602
DS_HIGH_ENTROPY_10KB.json,HIGH_ENTROPY,10,Huffman,30,0.524600,0.327100,10240,9355,1.094602
DS_HIGH_ENTROPY_10KB.json,HIGH_ENTROPY,10,LZW,1,1.702300,0.601100,10240,31352,0.326614
DS_HIGH_ENTROPY_10KB.json,HIGH_ENTROPY,10,LZW,2,1.877600,0.494300,10240,31352,0.326614
DS_HIGH_ENTROPY_10KB.json,HIGH_ENTROPY,10,LZW,3,2.393900,0.496400,10240,31352,0.326614
DS_HIGH_ENTROPY_10KB.json,HIGH_ENTROPY,10,LZW,4,2.627900,0.723600,10240,31352,0.326614
DS_HIGH_ENTROPY_10KB.json,HIGH_ENTROPY,10,LZW,5,2.690000,0.705600,10240,31352,0.326614
DS_HIGH_ENTROPY_10KB.json,HIGH_ENTROPY,10,LZW,6,2.618100,0.653000,10240,31352,0.326614
DS_HIGH_ENTROPY_10KB.json,HIGH_ENTROPY,10,LZW,7,2.535100,0.712100,10240,31352,0.326614
DS_HIGH_ENTROPY_10KB.json,HIGH_ENTROPY,10,LZW,8,1.880100,0.509700,10240,31352,0.326614
DS_HIGH_ENTROPY_10KB.json,HIGH_ENTROPY,10,LZW,9,2.072400,0.496800,10240,31352,0.326614
DS_HIGH_ENTROPY_10KB.json,HIGH_ENTROPY,10,LZW,10,2.928700,0.719600,10240,31352,0.326614
DS_HIGH_ENTROPY_10KB.json,HIGH_ENTROPY,10,LZW,11,2.626800,0.722800,10240,31352,0.326614
DS_HIGH_ENTROPY_10KB.json,HIGH_ENTROPY,10,LZW,12,2.097200,0.627800,10240,31352,0.326614
DS_HIGH_ENTROPY_10KB.json,HIGH_ENTROPY,10,LZW,13,2.897800,0.730600,10240,31352,0.326614
DS_HIGH_ENTROPY_10KB.json,HIGH_ENTROPY,10,LZW,14,2.186900,0.620000,10240,31352,0.326614
DS_HIGH_ENTROPY_10KB.json,HIGH_ENTROPY,10,LZW,15,1.658300,0.506100,10240,31352,0.326614
DS_HIGH_ENTROPY_10KB.json,HIGH_ENTROPY,10,LZW,16,2.388900,0.539300,10240,31352,0.326614
DS_HIGH_ENTROPY_10KB.json,HIGH_ENTROPY,10,LZW,17,1.951100,0.499700,10240,31352,0.326614
DS_HIGH_ENTROPY_10KB.json,HIGH_ENTROPY,10,LZW,18,2.205200,0.680900,10240,31352,0.326614
DS_HIGH_ENTROPY_10KB.json,HIGH_ENTROPY,10,LZW,19,2.479400,0.748000,10240,31352,0.326614
DS_HIGH_ENTROPY_10KB.json,HIGH_ENTROPY,10,LZW,20,4.235100,0.746200,10240,31352,0.326614
DS_HIGH_ENTROPY_10KB.json,HIGH_ENTROPY,10,LZW,21,1.387000,0.508000,10240,31352,0.326614
DS_HIGH_ENTROPY_10KB.json,HIGH_ENTROPY,10,LZW,22,1.187100,0.494700,10240,31352,0.326614
DS_HIGH_ENTROPY_10KB.json,HIGH_ENTROPY,10,LZW,23,1.729300,0.639100,10240,31352,0.326614
DS_HIGH_ENTROPY_10KB.json,HIGH_ENTROPY,10,LZW,24,1.832900,0.497900,10240,31352,0.326614
DS_HIGH_ENTROPY_10KB.json,HIGH_ENTROPY,10,LZW,25,1.115000,0.499700,10240,31352,0.326614
DS_HIGH_ENTROPY_10KB.json,HIGH_ENTROPY,10,LZW,26,1.132400,0.494600,10240,31352,0.326614
DS_HIGH_ENTROPY_10KB.json,HIGH_ENTROPY,10,LZW,27,1.063600,0.498400,10240,31352,0.326614
DS_HIGH_ENTROPY_10KB.json,HIGH_ENTROPY,10,LZW,28,1.084700,0.535200,10240,31352,0.326614
DS_HIGH_ENTROPY_10KB.json,HIGH_ENTROPY,10,LZW,29,1.134800,0.499000,10240,31352,0.326614
DS_HIGH_ENTROPY_10KB.json,HIGH_ENTROPY,10,LZW,30,1.520300,0.508200,10240,31352,0.326614
DS_HIGH_ENTROPY_50KB.json,HIGH_ENTROPY,50,Huffman,1,2.339900,1.409700,51200,42787,1.196625
DS_HIGH_ENTROPY_50KB.json,HIGH_ENTROPY,50,Huffman,2,2.149800,1.502500,51200,42787,1.196625
DS_HIGH_ENTROPY_50KB.json,HIGH_ENTROPY,50,Huffman,3,2.713600,1.422700,51200,42787,1.196625
DS_HIGH_ENTROPY_50KB.json,HIGH_ENTROPY,50,Huffman,4,2.369800,1.523600,51200,42787,1.196625
DS_HIGH_ENTROPY_50KB.json,HIGH_ENTROPY,50,Huffman,5,2.958500,1.822200,51200,42787,1.196625
DS_HIGH_ENTROPY_50KB.json,HIGH_ENTROPY,50,Huffman,6,2.415400,1.552300,51200,42787,1.196625
DS_HIGH_ENTROPY_50KB.json,HIGH_ENTROPY,50,Huffman,7,2.173700,1.436400,51200,42787,1.196625
DS_HIGH_ENTROPY_50KB.json,HIGH_ENTROPY,50,Huffman,8,2.155400,1.389100,51200,42787,1.196625
DS_HIGH_ENTROPY_50KB.json,HIGH_ENTROPY,50,Huffman,9,2.147200,1.407300,51200,42787,1.196625
DS_HIGH_ENTROPY_50KB.json,HIGH_ENTROPY,50,Huffman,10,2.498000,1.408200,51200,42787,1.196625
DS_HIGH_ENTROPY_50KB.json,HIGH_ENTROPY,50,Huffman,11,2.821000,1.591700,51200,42787,1.196625
DS_HIGH_ENTROPY_50KB.json,HIGH_ENTROPY,50,Huffman,12,2.147800,1.420200,51200,42787,1.196625
DS_HIGH_ENTROPY_50KB.json,HIGH_ENTROPY,50,Huffman,13,2.168300,1.386700,51200,42787,1.196625
DS_HIGH_ENTROPY_50KB.json,HIGH_ENTROPY,50,Huffman,14,2.995300,1.430400,51200,42787,1.196625
DS_HIGH_ENTROPY_50KB.json,HIGH_ENTROPY,50,Huffman,15,2.159000,1.446600,51200,42787,1.196625
DS_HIGH_ENTROPY_50KB.json,HIGH_ENTROPY,50,Huffman,16,2.150900,1.478600,51200,42787,1.196625
DS_HIGH_ENTROPY_50KB.json,HIGH_ENTROPY,50,Huffman,17,2.842300,1.527200,51200,42787,1.196625
DS_HIGH_ENTROPY_50KB.json,HIGH_ENTROPY,50,Huffman,18,2.352900,1.448000,51200,42787,1.196625
DS_HIGH_ENTROPY_50KB.json,HIGH_ENTROPY,50,Huffman,19,2.150000,1.394400,51200,42787,1.196625
DS_HIGH_ENTROPY_50KB.json,HIGH_ENTROPY,50,Huffman,20,2.184200,1.401800,51200,42787,1.196625
DS_HIGH_ENTROPY_50KB.json,HIGH_ENTROPY,50,Huffman,21,2.203400,1.464500,51200,42787,1.196625
DS_HIGH_ENTROPY_50KB.json,HIGH_ENTROPY,50,Huffman,22,2.151400,1.396800,51200,42787,1.196625
DS_HIGH_ENTROPY_50KB.json,HIGH_ENTROPY,50,Huffman,23,2.823400,1.406200,51200,42787,1.196625
DS_HIGH_ENTROPY_50KB.json,HIGH_ENTROPY,50,Huffman,24,2.148500,1.383800,51200,42787,1.196625
DS_HIGH_ENTROPY_50KB.json,HIGH_ENTROPY,50,Huffman,25,2.352600,1.399800,51200,42787,1.196625
DS_HIGH_ENTROPY_50KB.json,HIGH_ENTROPY,50,Huffman,26,2.164100,1.384100,51200,42787,1.196625
DS_HIGH_ENTROPY_50KB.json,HIGH_ENTROPY,50,Huffman,27,3.041900,1.530300,51200,42787,1.196625
DS_HIGH_ENTROPY_50KB.json,HIGH_ENTROPY,50,Huffman,28,2.808700,1.879200,51200,42787,1.196625
DS_HIGH_ENTROPY_50KB.json,HIGH_ENTROPY,50,Huffman,29,2.766700,2.088500,51200,42787,1.196625
DS_HIGH_ENTROPY_50KB.json,HIGH_ENTROPY,50,Huffman,30,2.217000,1.724300,51200,42787,1.196625
DS_HIGH_ENTROPY_50KB.json,HIGH_ENTROPY,50,LZW,1,5.543000,4.395000,51200,148576,0.344605
DS_HIGH_ENTROPY_50KB.json,HIGH_ENTROPY,50,LZW,2,6.629500,2.580200,51200,148576,0.344605
DS_HIGH_ENTROPY_50KB.json,HIGH_ENTROPY,50,LZW,3,5.249000,2.594800,51200,148576,0.344605
DS_HIGH_ENTROPY_50KB.json,HIGH_ENTROPY,50,LZW,4,5.581200,2.532500,51200,148576,0.344605
DS_HIGH_ENTROPY_50KB.json,HIGH_ENTROPY,50,LZW,5,5.902000,2.472400,51200,148576,0.344605
DS_HIGH_ENTROPY_50KB.json,HIGH_ENTROPY,50,LZW,6,5.065100,2.497300,51200,148576,0.344605
DS_HIGH_ENTROPY_50KB.json,HIGH_ENTROPY,50,LZW,7,6.879700,3.801900,51200,148576,0.344605
DS_HIGH_ENTROPY_50KB.json,HIGH_ENTROPY,50,LZW,8,6.598300,3.097800,51200,148576,0.344605
DS_HIGH_ENTROPY_50KB.json,HIGH_ENTROPY,50,LZW,9,6.192400,2.470900,51200,148576,0.344605
DS_HIGH_ENTROPY_50KB.json,HIGH_ENTROPY,50,LZW,10,4.980300,2.121200,51200,148576,0.344605
DS_HIGH_ENTROPY_50KB.json,HIGH_ENTROPY,50,LZW,11,5.104300,2.159700,51200,148576,0.344605
DS_HIGH_ENTROPY_50KB.json,HIGH_ENTROPY,50,LZW,12,5.287100,2.151500,51200,148576,0.344605
DS_HIGH_ENTROPY_50KB.json,HIGH_ENTROPY,50,LZW,13,5.147700,2.133900,51200,148576,0.344605
DS_HIGH_ENTROPY_50KB.json,HIGH_ENTROPY,50,LZW,14,4.946700,2.434000,51200,148576,0.344605
DS_HIGH_ENTROPY_50KB.json,HIGH_ENTROPY,50,LZW,15,5.479300,2.116200,51200,148576,0.344605
DS_HIGH_ENTROPY_50KB.json,HIGH_ENTROPY,50,LZW,16,5.906500,2.319600,51200,148576,0.344605
DS_HIGH_ENTROPY_50KB.json,HIGH_ENTROPY,50,LZW,17,5.798800,2.240300,51200,148576,0.344605
DS_HIGH_ENTROPY_50KB.json,HIGH_ENTROPY,50,LZW,18,5.602600,2.202200,51200,148576,0.344605
DS_HIGH_ENTROPY_50KB.json,HIGH_ENTROPY,50,LZW,19,5.427400,2.157600,51200,148576,0.344605
DS_HIGH_ENTROPY_50KB.json,HIGH_ENTROPY,50,LZW,20,5.128900,2.141900,51200,148576,0.344605
DS_HIGH_ENTROPY_50KB.json,HIGH_ENTROPY,50,LZW,21,4.932400,2.825400,51200,148576,0.344605
DS_HIGH_ENTROPY_50KB.json,HIGH_ENTROPY,50,LZW,22,4.981800,2.120900,51200,148576,0.344605
DS_HIGH_ENTROPY_50KB.json,HIGH_ENTROPY,50,LZW,23,5.793100,2.165300,51200,148576,0.344605
DS_HIGH_ENTROPY_50KB.json,HIGH_ENTROPY,50,LZW,24,5.111600,2.118400,51200,148576,0.344605
DS_HIGH_ENTROPY_50KB.json,HIGH_ENTROPY,50,LZW,25,4.625500,2.111300,51200,148576,0.344605
DS_HIGH_ENTROPY_50KB.json,HIGH_ENTROPY,50,LZW,26,4.393800,2.197300,51200,148576,0.344605
DS_HIGH_ENTROPY_50KB.json,HIGH_ENTROPY,50,LZW,27,5.311600,2.132900,51200,148576,0.344605
DS_HIGH_ENTROPY_50KB.json,HIGH_ENTROPY,50,LZW,28,4.922200,2.381700,51200,148576,0.344605
DS_HIGH_ENTROPY_50KB.json,HIGH_ENTROPY,50,LZW,29,5.093600,2.383500,51200,148576,0.344605
DS_HIGH_ENTROPY_50KB.json,HIGH_ENTROPY,50,LZW,30,5.318500,2.133900,51200,148576,0.344605
DS_HIGH_ENTROPY_100KB.json,HIGH_ENTROPY,100,Huffman,1,4.295100,2.845200,102400,84601,1.210388
DS_HIGH_ENTROPY_100KB.json,HIGH_ENTROPY,100,Huffman,2,4.430000,2.726800,102400,84601,1.210388
DS_HIGH_ENTROPY_100KB.json,HIGH_ENTROPY,100,Huffman,3,4.212900,2.761300,102400,84601,1.210388
DS_HIGH_ENTROPY_100KB.json,HIGH_ENTROPY,100,Huffman,4,4.158400,2.870900,102400,84601,1.210388
DS_HIGH_ENTROPY_100KB.json,HIGH_ENTROPY,100,Huffman,5,5.007700,2.721700,102400,84601,1.210388
DS_HIGH_ENTROPY_100KB.json,HIGH_ENTROPY,100,Huffman,6,4.497900,2.742300,102400,84601,1.210388
DS_HIGH_ENTROPY_100KB.json,HIGH_ENTROPY,100,Huffman,7,5.681400,2.779300,102400,84601,1.210388
DS_HIGH_ENTROPY_100KB.json,HIGH_ENTROPY,100,Huffman,8,4.412200,2.733500,102400,84601,1.210388
DS_HIGH_ENTROPY_100KB.json,HIGH_ENTROPY,100,Huffman,9,4.843700,2.758600,102400,84601,1.210388
DS_HIGH_ENTROPY_100KB.json,HIGH_ENTROPY,100,Huffman,10,4.435400,2.894300,102400,84601,1.210388
DS_HIGH_ENTROPY_100KB.json,HIGH_ENTROPY,100,Huffman,11,4.193100,2.743100,102400,84601,1.210388
DS_HIGH_ENTROPY_100KB.json,HIGH_ENTROPY,100,Huffman,12,5.122200,2.715700,102400,84601,1.210388
DS_HIGH_ENTROPY_100KB.json,HIGH_ENTROPY,100,Huffman,13,4.665500,2.731300,102400,84601,1.210388
DS_HIGH_ENTROPY_100KB.json,HIGH_ENTROPY,100,Huffman,14,5.361000,2.733400,102400,84601,1.210388
DS_HIGH_ENTROPY_100KB.json,HIGH_ENTROPY,100,Huffman,15,4.940600,2.894400,102400,84601,1.210388
DS_HIGH_ENTROPY_100KB.json,HIGH_ENTROPY,100,Huffman,16,4.557000,2.880100,102400,84601,1.210388
DS_HIGH_ENTROPY_100KB.json,HIGH_ENTROPY,100,Huffman,17,4.265800,2.699000,102400,84601,1.210388
DS_HIGH_ENTROPY_100KB.json,HIGH_ENTROPY,100,Huffman,18,4.292800,2.757800,102400,84601,1.210388
DS_HIGH_ENTROPY_100KB.json,HIGH_ENTROPY,100,Huffman,19,4.648900,2.725100,102400,84601,1.210388
DS_HIGH_ENTROPY_100KB.json,HIGH_ENTROPY,100,Huffman,20,4.372700,2.721100,102400,84601,1.210388
DS_HIGH_ENTROPY_100KB.json,HIGH_ENTROPY,100,Huffman,21,4.238000,2.770900,102400,84601,1.210388
DS_HIGH_ENTROPY_100KB.json,HIGH_ENTROPY,100,Huffman,22,4.727400,2.736700,102400,84601,1.210388
DS_HIGH_ENTROPY_100KB.json,HIGH_ENTROPY,100,Huffman,23,4.171700,2.718000,102400,84601,1.210388
DS_HIGH_ENTROPY_100KB.json,HIGH_ENTROPY,100,Huffman,24,4.177600,2.695600,102400,84601,1.210388
DS_HIGH_ENTROPY_100KB.json,HIGH_ENTROPY,100,Huffman,25,4.701000,2.692700,102400,84601,1.210388
DS_HIGH_ENTROPY_100KB.json,HIGH_ENTROPY,100,Huffman,26,4.791200,2.802400,102400,84601,1.210388
DS_HIGH_ENTROPY_100KB.json,HIGH_ENTROPY,100,Huffman,27,6.028000,3.718100,102400,84601,1.210388
DS_HIGH_ENTROPY_100KB.json,HIGH_ENTROPY,100,Huffman,28,6.154300,3.833100,102400,84601,1.210388
DS_HIGH_ENTROPY_100KB.json,HIGH_ENTROPY,100,Huffman,29,5.379700,2.725100,102400,84601,1.210388
DS_HIGH_ENTROPY_100KB.json,HIGH_ENTROPY,100,Huffman,30,6.298100,2.801200,102400,84601,1.210388
DS_HIGH_ENTROPY_100KB.json,HIGH_ENTROPY,100,LZW,1,9.904200,4.134800,102400,294932,0.347199
DS_HIGH_ENTROPY_100KB.json,HIGH_ENTROPY,100,LZW,2,10.002800,4.088400,102400,294932,0.347199
DS_HIGH_ENTROPY_100KB.json,HIGH_ENTROPY,100,LZW,3,10.355900,4.027200,102400,294932,0.347199
DS_HIGH_ENTROPY_100KB.json,HIGH_ENTROPY,100,LZW,4,10.553400,4.459300,102400,294932,0.347199
DS_HIGH_ENTROPY_100KB.json,HIGH_ENTROPY,100,LZW,5,9.116500,4.190300,102400,294932,0.347199
DS_HIGH_ENTROPY_100KB.json,HIGH_ENTROPY,100,LZW,6,9.711800,4.720100,102400,294932,0.347199
DS_HIGH_ENTROPY_100KB.json,HIGH_ENTROPY,100,LZW,7,9.387700,4.404800,102400,294932,0.347199
DS_HIGH_ENTROPY_100KB.json,HIGH_ENTROPY,100,LZW,8,9.200200,4.033800,102400,294932,0.347199
DS_HIGH_ENTROPY_100KB.json,HIGH_ENTROPY,100,LZW,9,9.311800,4.076600,102400,294932,0.347199
DS_HIGH_ENTROPY_100KB.json,HIGH_ENTROPY,100,LZW,10,9.257400,4.135400,102400,294932,0.347199
DS_HIGH_ENTROPY_100KB.json,HIGH_ENTROPY,100,LZW,11,9.607800,4.176300,102400,294932,0.347199
DS_HIGH_ENTROPY_100KB.json,HIGH_ENTROPY,100,LZW,12,10.879800,4.177300,102400,294932,0.347199
DS_HIGH_ENTROPY_100KB.json,HIGH_ENTROPY,100,LZW,13,9.606200,4.401600,102400,294932,0.347199
DS_HIGH_ENTROPY_100KB.json,HIGH_ENTROPY,100,LZW,14,10.193100,4.402600,102400,294932,0.347199
DS_HIGH_ENTROPY_100KB.json,HIGH_ENTROPY,100,LZW,15,10.874000,4.256400,102400,294932,0.347199
DS_HIGH_ENTROPY_100KB.json,HIGH_ENTROPY,100,LZW,16,9.645300,3.987300,102400,294932,0.347199
DS_HIGH_ENTROPY_100KB.json,HIGH_ENTROPY,100,LZW,17,9.318800,4.083500,102400,294932,0.347199
DS_HIGH_ENTROPY_100KB.json,HIGH_ENTROPY,100,LZW,18,9.794800,3.960400,102400,294932,0.347199
DS_HIGH_ENTROPY_100KB.json,HIGH_ENTROPY,100,LZW,19,9.111500,4.012000,102400,294932,0.347199
DS_HIGH_ENTROPY_100KB.json,HIGH_ENTROPY,100,LZW,20,10.259700,4.074800,102400,294932,0.347199
DS_HIGH_ENTROPY_100KB.json,HIGH_ENTROPY,100,LZW,21,9.329200,4.010500,102400,294932,0.347199
DS_HIGH_ENTROPY_100KB.json,HIGH_ENTROPY,100,LZW,22,10.130300,4.435900,102400,294932,0.347199
DS_HIGH_ENTROPY_100KB.json,HIGH_ENTROPY,100,LZW,23,9.861100,4.360800,102400,294932,0.347199
DS_HIGH_ENTROPY_100KB.json,HIGH_ENTROPY,100,LZW,24,9.881600,4.002600,102400,294932,0.347199
DS_HIGH_ENTROPY_100KB.json,HIGH_ENTROPY,100,LZW,25,10.185700,5.065100,102400,294932,0.347199
DS_HIGH_ENTROPY_100KB.json,HIGH_ENTROPY,100,LZW,26,9.537600,4.201200,102400,294932,0.347199
DS_HIGH_ENTROPY_100KB.json,HIGH_ENTROPY,100,LZW,27,9.640700,4.257600,102400,294932,0.347199
DS_HIGH_ENTROPY_100KB.json,HIGH_ENTROPY,100,LZW,28,9.441600,4.147400,102400,294932,0.347199
DS_HIGH_ENTROPY_100KB.json,HIGH_ENTROPY,100,LZW,29,9.222000,4.032900,102400,294932,0.347199
DS_HIGH_ENTROPY_100KB.json,HIGH_ENTROPY,100,LZW,30,10.044800,4.026500,102400,294932,0.347199
DS_HIGH_ENTROPY_500KB.json,HIGH_ENTROPY,500,Huffman,1,22.157500,13.875200,512000,419224,1.221304
DS_HIGH_ENTROPY_500KB.json,HIGH_ENTROPY,500,Huffman,2,21.488200,14.297100,512000,419224,1.221304
DS_HIGH_ENTROPY_500KB.json,HIGH_ENTROPY,500,Huffman,3,23.552800,15.993100,512000,419224,1.221304
DS_HIGH_ENTROPY_500KB.json,HIGH_ENTROPY,500,Huffman,4,21.581500,13.212800,512000,419224,1.221304
DS_HIGH_ENTROPY_500KB.json,HIGH_ENTROPY,500,Huffman,5,22.556400,14.495300,512000,419224,1.221304
DS_HIGH_ENTROPY_500KB.json,HIGH_ENTROPY,500,Huffman,6,22.111300,13.153200,512000,419224,1.221304
DS_HIGH_ENTROPY_500KB.json,HIGH_ENTROPY,500,Huffman,7,20.559900,13.273000,512000,419224,1.221304
DS_HIGH_ENTROPY_500KB.json,HIGH_ENTROPY,500,Huffman,8,21.720100,13.733700,512000,419224,1.221304
DS_HIGH_ENTROPY_500KB.json,HIGH_ENTROPY,500,Huffman,9,21.878200,13.097600,512000,419224,1.221304
DS_HIGH_ENTROPY_500KB.json,HIGH_ENTROPY,500,Huffman,10,21.613600,14.112700,512000,419224,1.221304
DS_HIGH_ENTROPY_500KB.json,HIGH_ENTROPY,500,Huffman,11,21.250500,13.349200,512000,419224,1.221304
DS_HIGH_ENTROPY_500KB.json,HIGH_ENTROPY,500,Huffman,12,22.267700,13.391700,512000,419224,1.221304
DS_HIGH_ENTROPY_500KB.json,HIGH_ENTROPY,500,Huffman,13,20.562100,13.938100,512000,419224,1.221304
DS_HIGH_ENTROPY_500KB.json,HIGH_ENTROPY,500,Huffman,14,20.587200,13.707100,512000,419224,1.221304
DS_HIGH_ENTROPY_500KB.json,HIGH_ENTROPY,500,Huffman,15,20.536300,13.257200,512000,419224,1.221304
DS_HIGH_ENTROPY_500KB.json,HIGH_ENTROPY,500,Huffman,16,21.115200,13.137900,512000,419224,1.221304
DS_HIGH_ENTROPY_500KB.json,HIGH_ENTROPY,500,Huffman,17,21.188200,14.625600,512000,419224,1.221304
DS_HIGH_ENTROPY_500KB.json,HIGH_ENTROPY,500,Huffman,18,20.429900,13.119200,512000,419224,1.221304
DS_HIGH_ENTROPY_500KB.json,HIGH_ENTROPY,500,Huffman,19,20.809200,13.189700,512000,419224,1.221304
DS_HIGH_ENTROPY_500KB.json,HIGH_ENTROPY,500,Huffman,20,20.545200,13.095200,512000,419224,1.221304
DS_HIGH_ENTROPY_500KB.json,HIGH_ENTROPY,500,Huffman,21,21.618300,13.746600,512000,419224,1.221304
DS_HIGH_ENTROPY_500KB.json,HIGH_ENTROPY,500,Huffman,22,23.467800,13.746000,512000,419224,1.221304
DS_HIGH_ENTROPY_500KB.json,HIGH_ENTROPY,500,Huffman,23,21.873900,15.121100,512000,419224,1.221304
DS_HIGH_ENTROPY_500KB.json,HIGH_ENTROPY,500,Huffman,24,24.170000,14.401200,512000,419224,1.221304
DS_HIGH_ENTROPY_500KB.json,HIGH_ENTROPY,500,Huffman,25,22.522300,13.124300,512000,419224,1.221304
DS_HIGH_ENTROPY_500KB.json,HIGH_ENTROPY,500,Huffman,26,20.476700,13.256300,512000,419224,1.221304
DS_HIGH_ENTROPY_500KB.json,HIGH_ENTROPY,500,Huffman,27,20.499900,13.186800,512000,419224,1.221304
DS_HIGH_ENTROPY_500KB.json,HIGH_ENTROPY,500,Huffman,28,20.344000,13.237900,512000,419224,1.221304
DS_HIGH_ENTROPY_500KB.json,HIGH_ENTROPY,500,Huffman,29,25.525800,13.521100,512000,419224,1.221304
DS_HIGH_ENTROPY_500KB.json,HIGH_ENTROPY,500,Huffman,30,21.274500,14.492800,512000,419224,1.221304
DS_HIGH_ENTROPY_500KB.json,HIGH_ENTROPY,500,LZW,1,50.076000,23.726200,512000,1470560,0.348167
DS_HIGH_ENTROPY_500KB.json,HIGH_ENTROPY,500,LZW,2,58.198900,26.810900,512000,1470560,0.348167
DS_HIGH_ENTROPY_500KB.json,HIGH_ENTROPY,500,LZW,3,49.903500,23.417700,512000,1470560,0.348167
DS_HIGH_ENTROPY_500KB.json,HIGH_ENTROPY,500,LZW,4,55.598400,25.705600,512000,1470560,0.348167
DS_HIGH_ENTROPY_500KB.json,HIGH_ENTROPY,500,LZW,5,50.632000,22.796100,512000,1470560,0.348167
DS_HIGH_ENTROPY_500KB.json,HIGH_ENTROPY,500,LZW,6,53.218100,26.460000,512000,1470560,0.348167
DS_HIGH_ENTROPY_500KB.json,HIGH_ENTROPY,500,LZW,7,54.122000,25.575700,512000,1470560,0.348167
DS_HIGH_ENTROPY_500KB.json,HIGH_ENTROPY,500,LZW,8,57.471300,26.464800,512000,1470560,0.348167
DS_HIGH_ENTROPY_500KB.json,HIGH_ENTROPY,500,LZW,9,52.918800,24.474000,512000,1470560,0.348167
DS_HIGH_ENTROPY_500KB.json,HIGH_ENTROPY,500,LZW,10,56.229000,25.276900,512000,1470560,0.348167
DS_HIGH_ENTROPY_500KB.json,HIGH_ENTROPY,500,LZW,11,52.091400,26.578700,512000,1470560,0.348167
DS_HIGH_ENTROPY_500KB.json,HIGH_ENTROPY,500,LZW,12,57.229600,25.964100,512000,1470560,0.348167
DS_HIGH_ENTROPY_500KB.json,HIGH_ENTROPY,500,LZW,13,49.456400,22.708400,512000,1470560,0.348167
DS_HIGH_ENTROPY_500KB.json,HIGH_ENTROPY,500,LZW,14,56.066800,26.952000,512000,1470560,0.348167
DS_HIGH_ENTROPY_500KB.json,HIGH_ENTROPY,500,LZW,15,51.285000,24.946500,512000,1470560,0.348167
DS_HIGH_ENTROPY_500KB.json,HIGH_ENTROPY,500,LZW,16,53.401500,26.327800,512000,1470560,0.348167
DS_HIGH_ENTROPY_500KB.json,HIGH_ENTROPY,500,LZW,17,51.801600,24.771100,512000,1470560,0.348167
DS_HIGH_ENTROPY_500KB.json,HIGH_ENTROPY,500,LZW,18,54.886700,27.404800,512000,1470560,0.348167
DS_HIGH_ENTROPY_500KB.json,HIGH_ENTROPY,500,LZW,19,56.440700,24.471900,512000,1470560,0.348167
DS_HIGH_ENTROPY_500KB.json,HIGH_ENTROPY,500,LZW,20,53.117800,26.362700,512000,1470560,0.348167
DS_HIGH_ENTROPY_500KB.json,HIGH_ENTROPY,500,LZW,21,50.530000,24.720500,512000,1470560,0.348167
DS_HIGH_ENTROPY_500KB.json,HIGH_ENTROPY,500,LZW,22,57.561900,27.162600,512000,1470560,0.348167
DS_HIGH_ENTROPY_500KB.json,HIGH_ENTROPY,500,LZW,23,54.320600,23.312000,512000,1470560,0.348167
DS_HIGH_ENTROPY_500KB.json,HIGH_ENTROPY,500,LZW,24,53.814400,25.859200,512000,1470560,0.348167
DS_HIGH_ENTROPY_500KB.json,HIGH_ENTROPY,500,LZW,25,49.756100,22.580800,512000,1470560,0.348167
DS_HIGH_ENTROPY_500KB.json,HIGH_ENTROPY,500,LZW,26,61.616600,25.236200,512000,1470560,0.348167
DS_HIGH_ENTROPY_500KB.json,HIGH_ENTROPY,500,LZW,27,49.201500,21.584100,512000,1470560,0.348167
DS_HIGH_ENTROPY_500KB.json,HIGH_ENTROPY,500,LZW,28,52.750500,25.516600,512000,1470560,0.348167
DS_HIGH_ENTROPY_500KB.json,HIGH_ENTROPY,500,LZW,29,54.548100,23.020600,512000,1470560,0.348167
DS_HIGH_ENTROPY_500KB.json,HIGH_ENTROPY,500,LZW,30,56.405100,27.937700,512000,1470560,0.348167
DS_HIGH_ENTROPY_1MB.json,HIGH_ENTROPY,1024,Huffman,1,43.647100,29.316900,1048576,857768,1.222447
DS_HIGH_ENTROPY_1MB.json,HIGH_ENTROPY,1024,Huffman,2,46.707800,26.944000,1048576,857768,1.222447
DS_HIGH_ENTROPY_1MB.json,HIGH_ENTROPY,1024,Huffman,3,44.863500,28.660700,1048576,857768,1.222447
DS_HIGH_ENTROPY_1MB.json,HIGH_ENTROPY,1024,Huffman,4,42.355500,26.826200,1048576,857768,1.222447
DS_HIGH_ENTROPY_1MB.json,HIGH_ENTROPY,1024,Huffman,5,46.659000,28.467300,1048576,857768,1.222447
DS_HIGH_ENTROPY_1MB.json,HIGH_ENTROPY,1024,Huffman,6,44.055300,27.317500,1048576,857768,1.222447
DS_HIGH_ENTROPY_1MB.json,HIGH_ENTROPY,1024,Huffman,7,42.205100,27.475600,1048576,857768,1.222447
DS_HIGH_ENTROPY_1MB.json,HIGH_ENTROPY,1024,Huffman,8,43.964000,29.678900,1048576,857768,1.222447
DS_HIGH_ENTROPY_1MB.json,HIGH_ENTROPY,1024,Huffman,9,48.989600,28.773400,1048576,857768,1.222447
DS_HIGH_ENTROPY_1MB.json,HIGH_ENTROPY,1024,Huffman,10,45.848200,28.784400,1048576,857768,1.222447
DS_HIGH_ENTROPY_1MB.json,HIGH_ENTROPY,1024,Huffman,11,42.986400,27.396500,1048576,857768,1.222447
DS_HIGH_ENTROPY_1MB.json,HIGH_ENTROPY,1024,Huffman,12,44.099300,27.063000,1048576,857768,1.222447
DS_HIGH_ENTROPY_1MB.json,HIGH_ENTROPY,1024,Huffman,13,45.039100,28.602700,1048576,857768,1.222447
DS_HIGH_ENTROPY_1MB.json,HIGH_ENTROPY,1024,Huffman,14,49.908500,30.007400,1048576,857768,1.222447
DS_HIGH_ENTROPY_1MB.json,HIGH_ENTROPY,1024,Huffman,15,43.697200,26.977300,1048576,857768,1.222447
DS_HIGH_ENTROPY_1MB.json,HIGH_ENTROPY,1024,Huffman,16,44.858600,27.468900,1048576,857768,1.222447
DS_HIGH_ENTROPY_1MB.json,HIGH_ENTROPY,1024,Huffman,17,42.256500,26.891700,1048576,857768,1.222447
DS_HIGH_ENTROPY_1MB.json,HIGH_ENTROPY,1024,Huffman,18,45.017900,28.322400,1048576,857768,1.222447
DS_HIGH_ENTROPY_1MB.json,HIGH_ENTROPY,1024,Huffman,19,44.082400,27.759400,1048576,857768,1.222447
DS_HIGH_ENTROPY_1MB.json,HIGH_ENTROPY,1024,Huffman,20,46.320300,30.447600,1048576,857768,1.222447
DS_HIGH_ENTROPY_1MB.json,HIGH_ENTROPY,1024,Huffman,21,45.276900,29.238100,1048576,857768,1.222447
DS_HIGH_ENTROPY_1MB.json,HIGH_ENTROPY,1024,Huffman,22,41.614800,27.052100,1048576,857768,1.222447
DS_HIGH_ENTROPY_1MB.json,HIGH_ENTROPY,1024,Huffman,23,43.369700,27.582100,1048576,857768,1.222447
DS_HIGH_ENTROPY_1MB.json,HIGH_ENTROPY,1024,Huffman,24,42.565600,27.332600,1048576,857768,1.222447
DS_HIGH_ENTROPY_1MB.json,HIGH_ENTROPY,1024,Huffman,25,44.964200,27.014700,1048576,857768,1.222447
DS_HIGH_ENTROPY_1MB.json,HIGH_ENTROPY,1024,Huffman,26,44.297100,29.472300,1048576,857768,1.222447
DS_HIGH_ENTROPY_1MB.json,HIGH_ENTROPY,1024,Huffman,27,44.277700,27.867800,1048576,857768,1.222447
DS_HIGH_ENTROPY_1MB.json,HIGH_ENTROPY,1024,Huffman,28,43.585900,27.266800,1048576,857768,1.222447
DS_HIGH_ENTROPY_1MB.json,HIGH_ENTROPY,1024,Huffman,29,41.872500,28.046400,1048576,857768,1.222447
DS_HIGH_ENTROPY_1MB.json,HIGH_ENTROPY,1024,Huffman,30,42.239500,27.657100,1048576,857768,1.222447
DS_HIGH_ENTROPY_1MB.json,HIGH_ENTROPY,1024,LZW,1,126.124900,47.406900,1048576,3004712,0.348977
DS_HIGH_ENTROPY_1MB.json,HIGH_ENTROPY,1024,LZW,2,138.817900,45.399900,1048576,3004712,0.348977
DS_HIGH_ENTROPY_1MB.json,HIGH_ENTROPY,1024,LZW,3,134.950500,47.394500,1048576,3004712,0.348977
DS_HIGH_ENTROPY_1MB.json,HIGH_ENTROPY,1024,LZW,4,133.495900,49.153700,1048576,3004712,0.348977
DS_HIGH_ENTROPY_1MB.json,HIGH_ENTROPY,1024,LZW,5,109.381000,43.896000,1048576,3004712,0.348977
DS_HIGH_ENTROPY_1MB.json,HIGH_ENTROPY,1024,LZW,6,136.202300,52.149800,1048576,3004712,0.348977
DS_HIGH_ENTROPY_1MB.json,HIGH_ENTROPY,1024,LZW,7,128.799300,43.983900,1048576,3004712,0.348977
DS_HIGH_ENTROPY_1MB.json,HIGH_ENTROPY,1024,LZW,8,151.235300,50.917100,1048576,3004712,0.348977
DS_HIGH_ENTROPY_1MB.json,HIGH_ENTROPY,1024,LZW,9,137.697700,50.723900,1048576,3004712,0.348977
DS_HIGH_ENTROPY_1MB.json,HIGH_ENTROPY,1024,LZW,10,132.898500,47.029200,1048576,3004712,0.348977
DS_HIGH_ENTROPY_1MB.json,HIGH_ENTROPY,1024,LZW,11,124.379000,42.922100,1048576,3004712,0.348977
DS_HIGH_ENTROPY_1MB.json,HIGH_ENTROPY,1024,LZW,12,130.105700,46.389700,1048576,3004712,0.348977
DS_HIGH_ENTROPY_1MB.json,HIGH_ENTROPY,1024,LZW,13,127.758900,45.553800,1048576,3004712,0.348977
DS_HIGH_ENTROPY_1MB.json,HIGH_ENTROPY,1024,LZW,14,131.127600,44.472000,1048576,3004712,0.348977
DS_HIGH_ENTROPY_1MB.json,HIGH_ENTROPY,1024,LZW,15,125.867300,43.328600,1048576,3004712,0.348977
DS_HIGH_ENTROPY_1MB.json,HIGH_ENTROPY,1024,LZW,16,126.029500,45.881300,1048576,3004712,0.348977
DS_HIGH_ENTROPY_1MB.json,HIGH_ENTROPY,1024,LZW,17,129.240500,46.832400,1048576,3004712,0.348977
DS_HIGH_ENTROPY_1MB.json,HIGH_ENTROPY,1024,LZW,18,126.053600,44.658800,1048576,3004712,0.348977
DS_HIGH_ENTROPY_1MB.json,HIGH_ENTROPY,1024,LZW,19,131.182600,51.127800,1048576,3004712,0.348977
DS_HIGH_ENTROPY_1MB.json,HIGH_ENTROPY,1024,LZW,20,135.639700,46.069900,1048576,3004712,0.348977
DS_HIGH_ENTROPY_1MB.json,HIGH_ENTROPY,1024,LZW,21,121.603400,43.132100,1048576,3004712,0.348977
DS_HIGH_ENTROPY_1MB.json,HIGH_ENTROPY,1024,LZW,22,128.486300,43.153100,1048576,3004712,0.348977
DS_HIGH_ENTROPY_1MB.json,HIGH_ENTROPY,1024,LZW,23,126.844700,43.761300,1048576,3004712,0.348977
DS_HIGH_ENTROPY_1MB.json,HIGH_ENTROPY,1024,LZW,24,134.269600,44.995800,1048576,3004712,0.348977
DS_HIGH_ENTROPY_1MB.json,HIGH_ENTROPY,1024,LZW,25,125.686400,42.964900,1048576,3004712,0.348977
DS_HIGH_ENTROPY_1MB.json,HIGH_ENTROPY,1024,LZW,26,126.428600,43.550100,1048576,3004712,0.348977
DS_HIGH_ENTROPY_1MB.json,HIGH_ENTROPY,1024,LZW,27,125.721300,43.812100,1048576,3004712,0.348977
DS_HIGH_ENTROPY_1MB.json,HIGH_ENTROPY,1024,LZW,28,125.481000,43.087600,1048576,3004712,0.348977
DS_HIGH_ENTROPY_1MB.json,HIGH_ENTROPY,1024,LZW,29,125.941000,45.762100,1048576,3004712,0.348977
DS_HIGH_ENTROPY_1MB.json,HIGH_ENTROPY,1024,LZW,30,126.918800,43.402900,1048576,3004712,0.348977
DS_HIGH_ENTROPY_5MB.json,HIGH_ENTROPY,5120,Huffman,1,221.246400,150.401400,5242880,4286152,1.223214
DS_HIGH_ENTROPY_5MB.json,HIGH_ENTROPY,5120,Huffman,2,224.714100,143.241100,5242880,4286152,1.223214
DS_HIGH_ENTROPY_5MB.json,HIGH_ENTROPY,5120,Huffman,3,223.419600,153.288500,5242880,4286152,1.223214
DS_HIGH_ENTROPY_5MB.json,HIGH_ENTROPY,5120,Huffman,4,220.668000,141.763200,5242880,4286152,1.223214
DS_HIGH_ENTROPY_5MB.json,HIGH_ENTROPY,5120,Huffman,5,221.103000,151.980500,5242880,4286152,1.223214
DS_HIGH_ENTROPY_5MB.json,HIGH_ENTROPY,5120,Huffman,6,230.353400,138.390300,5242880,4286152,1.223214
DS_HIGH_ENTROPY_5MB.json,HIGH_ENTROPY,5120,Huffman,7,224.420800,154.520700,5242880,4286152,1.223214
DS_HIGH_ENTROPY_5MB.json,HIGH_ENTROPY,5120,Huffman,8,258.455600,156.411500,5242880,4286152,1.223214
DS_HIGH_ENTROPY_5MB.json,HIGH_ENTROPY,5120,Huffman,9,221.299600,146.189600,5242880,4286152,1.223214
DS_HIGH_ENTROPY_5MB.json,HIGH_ENTROPY,5120,Huffman,10,220.285100,142.434700,5242880,4286152,1.223214
DS_HIGH_ENTROPY_5MB.json,HIGH_ENTROPY,5120,Huffman,11,216.187400,151.305100,5242880,4286152,1.223214
DS_HIGH_ENTROPY_5MB.json,HIGH_ENTROPY,5120,Huffman,12,221.764200,143.540000,5242880,4286152,1.223214
DS_HIGH_ENTROPY_5MB.json,HIGH_ENTROPY,5120,Huffman,13,220.164500,149.158300,5242880,4286152,1.223214
DS_HIGH_ENTROPY_5MB.json,HIGH_ENTROPY,5120,Huffman,14,213.771600,140.183000,5242880,4286152,1.223214
DS_HIGH_ENTROPY_5MB.json,HIGH_ENTROPY,5120,Huffman,15,221.106500,146.575600,5242880,4286152,1.223214
DS_HIGH_ENTROPY_5MB.json,HIGH_ENTROPY,5120,Huffman,16,224.226100,145.741500,5242880,4286152,1.223214
DS_HIGH_ENTROPY_5MB.json,HIGH_ENTROPY,5120,Huffman,17,225.693100,156.058500,5242880,4286152,1.223214
DS_HIGH_ENTROPY_5MB.json,HIGH_ENTROPY,5120,Huffman,18,220.912100,145.425600,5242880,4286152,1.223214
DS_HIGH_ENTROPY_5MB.json,HIGH_ENTROPY,5120,Huffman,19,216.944500,149.263800,5242880,4286152,1.223214
DS_HIGH_ENTROPY_5MB.json,HIGH_ENTROPY,5120,Huffman,20,223.946100,140.786900,5242880,4286152,1.223214
DS_HIGH_ENTROPY_5MB.json,HIGH_ENTROPY,5120,Huffman,21,225.541500,146.668400,5242880,4286152,1.223214
DS_HIGH_ENTROPY_5MB.json,HIGH_ENTROPY,5120,Huffman,22,228.443900,152.075800,5242880,4286152,1.223214
DS_HIGH_ENTROPY_5MB.json,HIGH_ENTROPY,5120,Huffman,23,217.878100,149.690900,5242880,4286152,1.223214
DS_HIGH_ENTROPY_5MB.json,HIGH_ENTROPY,5120,Huffman,24,223.456700,147.418500,5242880,4286152,1.223214
DS_HIGH_ENTROPY_5MB.json,HIGH_ENTROPY,5120,Huffman,25,220.036200,154.423900,5242880,4286152,1.223214
DS_HIGH_ENTROPY_5MB.json,HIGH_ENTROPY,5120,Huffman,26,233.017900,146.400100,5242880,4286152,1.223214
DS_HIGH_ENTROPY_5MB.json,HIGH_ENTROPY,5120,Huffman,27,217.015100,148.613400,5242880,4286152,1.223214
DS_HIGH_ENTROPY_5MB.json,HIGH_ENTROPY,5120,Huffman,28,221.961500,153.516600,5242880,4286152,1.223214
DS_HIGH_ENTROPY_5MB.json,HIGH_ENTROPY,5120,Huffman,29,257.567400,145.261500,5242880,4286152,1.223214
DS_HIGH_ENTROPY_5MB.json,HIGH_ENTROPY,5120,Huffman,30,225.955700,144.989100,5242880,4286152,1.223214
DS_HIGH_ENTROPY_5MB.json,HIGH_ENTROPY,5120,LZW,1,662.872100,241.995700,5242880,15024664,0.348952
DS_HIGH_ENTROPY_5MB.json,HIGH_ENTROPY,5120,LZW,2,677.822100,210.686300,5242880,15024664,0.348952
DS_HIGH_ENTROPY_5MB.json,HIGH_ENTROPY,5120,LZW,3,710.224100,274.013900,5242880,15024664,0.348952
DS_HIGH_ENTROPY_5MB.json,HIGH_ENTROPY,5120,LZW,4,643.666000,371.009200,5242880,15024664,0.348952
DS_HIGH_ENTROPY_5MB.json,HIGH_ENTROPY,5120,LZW,5,584.852600,395.108600,5242880,15024664,0.348952
DS_HIGH_ENTROPY_5MB.json,HIGH_ENTROPY,5120,LZW,6,707.526300,283.479000,5242880,15024664,0.348952
DS_HIGH_ENTROPY_5MB.json,HIGH_ENTROPY,5120,LZW,7,714.977100,236.941300,5242880,15024664,0.348952
DS_HIGH_ENTROPY_5MB.json,HIGH_ENTROPY,5120,LZW,8,710.122700,294.448100,5242880,15024664,0.348952
DS_HIGH_ENTROPY_5MB.json,HIGH_ENTROPY,5120,LZW,9,660.107200,270.171400,5242880,15024664,0.348952
DS_HIGH_ENTROPY_5MB.json,HIGH_ENTROPY,5120,LZW,10,660.795600,414.047600,5242880,15024664,0.348952
DS_HIGH_ENTROPY_5MB.json,HIGH_ENTROPY,5120,LZW,11,643.869900,362.583900,5242880,15024664,0.348952
DS_HIGH_ENTROPY_5MB.json,HIGH_ENTROPY,5120,LZW,12,757.386600,342.558300,5242880,15024664,0.348952
DS_HIGH_ENTROPY_5MB.json,HIGH_ENTROPY,5120,LZW,13,696.715000,295.968700,5242880,15024664,0.348952
DS_HIGH_ENTROPY_5MB.json,HIGH_ENTROPY,5120,LZW,14,676.952200,361.698900,5242880,15024664,0.348952
DS_HIGH_ENTROPY_5MB.json,HIGH_ENTROPY,5120,LZW,15,680.784000,208.608500,5242880,15024664,0.348952
DS_HIGH_ENTROPY_5MB.json,HIGH_ENTROPY,5120,LZW,16,715.466000,299.202100,5242880,15024664,0.348952
DS_HIGH_ENTROPY_5MB.json,HIGH_ENTROPY,5120,LZW,17,628.851900,306.632900,5242880,15024664,0.348952
DS_HIGH_ENTROPY_5MB.json,HIGH_ENTROPY,5120,LZW,18,735.992400,260.963800,5242880,15024664,0.348952
DS_HIGH_ENTROPY_5MB.json,HIGH_ENTROPY,5120,LZW,19,700.842100,273.634100,5242880,15024664,0.348952
DS_HIGH_ENTROPY_5MB.json,HIGH_ENTROPY,5120,LZW,20,680.481000,311.463200,5242880,15024664,0.348952
DS_HIGH_ENTROPY_5MB.json,HIGH_ENTROPY,5120,LZW,21,621.556000,203.495500,5242880,15024664,0.348952
DS_HIGH_ENTROPY_5MB.json,HIGH_ENTROPY,5120,LZW,22,698.165600,266.415900,5242880,15024664,0.348952
DS_HIGH_ENTROPY_5MB.json,HIGH_ENTROPY,5120,LZW,23,607.685300,301.008800,5242880,15024664,0.348952
DS_HIGH_ENTROPY_5MB.json,HIGH_ENTROPY,5120,LZW,24,733.416100,303.994500,5242880,15024664,0.348952
DS_HIGH_ENTROPY_5MB.json,HIGH_ENTROPY,5120,LZW,25,572.684100,207.465900,5242880,15024664,0.348952
DS_HIGH_ENTROPY_5MB.json,HIGH_ENTROPY,5120,LZW,26,608.609700,404.898400,5242880,15024664,0.348952
DS_HIGH_ENTROPY_5MB.json,HIGH_ENTROPY,5120,LZW,27,681.881700,334.851100,5242880,15024664,0.348952
DS_HIGH_ENTROPY_5MB.json,HIGH_ENTROPY,5120,LZW,28,681.340700,326.680200,5242880,15024664,0.348952
DS_HIGH_ENTROPY_5MB.json,HIGH_ENTROPY,5120,LZW,29,624.747700,213.583500,5242880,15024664,0.348952
DS_HIGH_ENTROPY_5MB.json,HIGH_ENTROPY,5120,LZW,30,706.975600,220.405000,5242880,15024664,0.348952
DS_LOW_ENTROPY_1KB.json,LOW_ENTROPY,1,Huffman,1,0.105600,0.040100,1024,1302,0.786482
DS_LOW_ENTROPY_1KB.json,LOW_ENTROPY,1,Huffman,2,0.124700,0.040300,1024,1302,0.786482
DS_LOW_ENTROPY_1KB.json,LOW_ENTROPY,1,Huffman,3,0.155100,0.065400,1024,1302,0.786482
DS_LOW_ENTROPY_1KB.json,LOW_ENTROPY,1,Huffman,4,0.113200,0.040300,1024,1302,0.786482
DS_LOW_ENTROPY_1KB.json,LOW_ENTROPY,1,Huffman,5,0.116900,0.054100,1024,1302,0.786482
DS_LOW_ENTROPY_1KB.json,LOW_ENTROPY,1,Huffman,6,0.112600,0.041800,1024,1302,0.786482
DS_LOW_ENTROPY_1KB.json,LOW_ENTROPY,1,Huffman,7,0.108800,0.049300,1024,1302,0.786482
DS_LOW_ENTROPY_1KB.json,LOW_ENTROPY,1,Huffman,8,0.190100,0.084900,1024,1302,0.786482
DS_LOW_ENTROPY_1KB.json,LOW_ENTROPY,1,Huffman,9,0.129800,0.052100,1024,1302,0.786482
DS_LOW_ENTROPY_1KB.json,LOW_ENTROPY,1,Huffman,10,0.107700,0.041500,1024,1302,0.786482
DS_LOW_ENTROPY_1KB.json,LOW_ENTROPY,1,Huffman,11,0.108800,0.038700,1024,1302,0.786482
DS_LOW_ENTROPY_1KB.json,LOW_ENTROPY,1,Huffman,12,0.119800,0.040400,1024,1302,0.786482
DS_LOW_ENTROPY_1KB.json,LOW_ENTROPY,1,Huffman,13,0.143600,0.060000,1024,1302,0.786482
DS_LOW_ENTROPY_1KB.json,LOW_ENTROPY,1,Huffman,14,0.147000,0.044000,1024,1302,0.786482
DS_LOW_ENTROPY_1KB.json,LOW_ENTROPY,1,Huffman,15,0.111400,0.040300,1024,1302,0.786482
DS_LOW_ENTROPY_1KB.json,LOW_ENTROPY,1,Huffman,16,0.112300,0.041300,1024,1302,0.786482
DS_LOW_ENTROPY_1KB.json,LOW_ENTROPY,1,Huffman,17,0.135400,0.060900,1024,1302,0.786482
DS_LOW_ENTROPY_1KB.json,LOW_ENTROPY,1,Huffman,18,0.144000,0.055800,1024,1302,0.786482
DS_LOW_ENTROPY_1KB.json,LOW_ENTROPY,1,Huffman,19,0.117500,0.044000,1024,1302,0.786482
DS_LOW_ENTROPY_1KB.json,LOW_ENTROPY,1,Huffman,20,0.113800,0.041600,1024,1302,0.786482
DS_LOW_ENTROPY_1KB.json,LOW_ENTROPY,1,Huffman,21,0.107900,0.040900,1024,1302,0.786482
DS_LOW_ENTROPY_1KB.json,LOW_ENTROPY,1,Huffman,22,0.148400,0.041800,1024,1302,0.786482
DS_LOW_ENTROPY_1KB.json,LOW_ENTROPY,1,Huffman,23,0.115700,0.039700,1024,1302,0.786482
DS_LOW_ENTROPY_1KB.json,LOW_ENTROPY,1,Huffman,24,0.137500,0.060800,1024,1302,0.786482
DS_LOW_ENTROPY_1KB.json,LOW_ENTROPY,1,Huffman,25,0.111900,0.039900,1024,1302,0.786482
DS_LOW_ENTROPY_1KB.json,LOW_ENTROPY,1,Huffman,26,0.117700,0.041500,1024,1302,0.786482
DS_LOW_ENTROPY_1KB.json,LOW_ENTROPY,1,Huffman,27,0.103300,0.041400,1024,1302,0.786482
DS_LOW_ENTROPY_1KB.json,LOW_ENTROPY,1,Huffman,28,0.131100,0.041700,1024,1302,0.786482
DS_LOW_ENTROPY_1KB.json,LOW_ENTROPY,1,Huffman,29,0.117500,0.039900,1024,1302,0.786482
DS_LOW_ENTROPY_1KB.json,LOW_ENTROPY,1,Huffman,30,0.113400,0.042000,1024,1302,0.786482
DS_LOW_ENTROPY_1KB.json,LOW_ENTROPY,1,LZW,1,0.183200,0.057600,1024,612,1.673203
DS_LOW_ENTROPY_1KB.json,LOW_ENTROPY,1,LZW,2,0.190700,0.082700,1024,612,1.673203
DS_LOW_ENTROPY_1KB.json,LOW_ENTROPY,1,LZW,3,0.114800,0.033800,1024,612,1.673203
DS_LOW_ENTROPY_1KB.json,LOW_ENTROPY,1,LZW,4,0.179500,0.055000,1024,612,1.673203
DS_LOW_ENTROPY_1KB.json,LOW_ENTROPY,1,LZW,5,0.116000,0.034900,1024,612,1.673203
DS_LOW_ENTROPY_1KB.json,LOW_ENTROPY,1,LZW,6,0.184700,0.056500,1024,612,1.673203
DS_LOW_ENTROPY_1KB.json,LOW_ENTROPY,1,LZW,7,0.132200,0.040000,1024,612,1.673203
DS_LOW_ENTROPY_1KB.json,LOW_ENTROPY,1,LZW,8,0.117600,0.033800,1024,612,1.673203
DS_LOW_ENTROPY_1KB.json,LOW_ENTROPY,1,LZW,9,0.110000,0.033700,1024,612,1.673203
DS_LOW_ENTROPY_1KB.json,LOW_ENTROPY,1,LZW,10,0.130700,0.034900,1024,612,1.673203
DS_LOW_ENTROPY_1KB.json,LOW_ENTROPY,1,LZW,11,0.127400,0.033500,1024,612,1.673203
DS_LOW_ENTROPY_1KB.json,LOW_ENTROPY,1,LZW,12,0.156100,0.044300,1024,612,1.673203
DS_LOW_ENTROPY_1KB.json,LOW_ENTROPY,1,LZW,13,0.190600,0.055400,1024,612,1.673203
DS_LOW_ENTROPY_1KB.json,LOW_ENTROPY,1,LZW,14,0.142600,0.042000,1024,612,1.673203
DS_LOW_ENTROPY_1KB.json,LOW_ENTROPY,1,LZW,15,0.118300,0.039700,1024,612,1.673203
DS_LOW_ENTROPY_1KB.json,LOW_ENTROPY,1,LZW,16,0.202500,0.045300,1024,612,1.673203
DS_LOW_ENTROPY_1KB.json,LOW_ENTROPY,1,LZW,17,0.114400,0.034700,1024,612,1.673203
DS_LOW_ENTROPY_1KB.json,LOW_ENTROPY,1,LZW,18,0.133400,0.037500,1024,612,1.673203
DS_LOW_ENTROPY_1KB.json,LOW_ENTROPY,1,LZW,19,0.190600,0.056400,1024,612,1.673203
DS_LOW_ENTROPY_1KB.json,LOW_ENTROPY,1,LZW,20,0.185300,0.059600,1024,612,1.673203
DS_LOW_ENTROPY_1KB.json,LOW_ENTROPY,1,LZW,21,0.129000,0.056500,1024,612,1.673203
DS_LOW_ENTROPY_1KB.json,LOW_ENTROPY,1,LZW,22,0.140300,0.035000,1024,612,1.673203
DS_LOW_ENTROPY_1KB.json,LOW_ENTROPY,1,LZW,23,0.131900,0.035200,1024,612,1.673203
DS_LOW_ENTROPY_1KB.json,LOW_ENTROPY,1,LZW,24,0.219600,0.071400,1024,612,1.673203
DS_LOW_ENTROPY_1KB.json,LOW_ENTROPY,1,LZW,25,0.108500,0.033400,1024,612,1.673203
DS_LOW_ENTROPY_1KB.json,LOW_ENTROPY,1,LZW,26,0.119400,0.035500,1024,612,1.673203
DS_LOW_ENTROPY_1KB.json,LOW_ENTROPY,1,LZW,27,0.112300,0.034200,1024,612,1.673203
DS_LOW_ENTROPY_1KB.json,LOW_ENTROPY,1,LZW,28,0.129100,0.039500,1024,612,1.673203
DS_LOW_ENTROPY_1KB.json,LOW_ENTROPY,1,LZW,29,0.112000,0.037300,1024,612,1.673203
DS_LOW_ENTROPY_1KB.json,LOW_ENTROPY,1,LZW,30,0.137400,0.040600,1024,612,1.673203
DS_LOW_ENTROPY_2KB.json,LOW_ENTROPY,2,Huffman,1,0.181800,0.073100,2048,1558,1.314506
DS_LOW_ENTROPY_2KB.json,LOW_ENTROPY,2,Huffman,2,0.136200,0.046700,2048,1558,1.314506
DS_LOW_ENTROPY_2KB.json,LOW_ENTROPY,2,Huffman,3,0.119500,0.047200,2048,1558,1.314506
DS_LOW_ENTROPY_2KB.json,LOW_ENTROPY,2,Huffman,4,0.122700,0.048700,2048,1558,1.314506
DS_LOW_ENTROPY_2KB.json,LOW_ENTROPY,2,Huffman,5,0.120500,0.047200,2048,1558,1.314506
DS_LOW_ENTROPY_2KB.json,LOW_ENTROPY,2,Huffman,6,0.179200,0.065300,2048,1558,1.314506
DS_LOW_ENTROPY_2KB.json,LOW_ENTROPY,2,Huffman,7,0.138900,0.054300,2048,1558,1.314506
DS_LOW_ENTROPY_2KB.json,LOW_ENTROPY,2,Huffman,8,0.283500,0.047900,2048,1558,1.314506
DS_LOW_ENTROPY_2KB.json,LOW_ENTROPY,2,Huffman,9,0.157200,0.067600,2048,1558,1.314506
DS_LOW_ENTROPY_2KB.json,LOW_ENTROPY,2,Huffman,10,0.135200,0.061100,2048,1558,1.314506
DS_LOW_ENTROPY_2KB.json,LOW_ENTROPY,2,Huffman,11,0.140400,0.048100,2048,1558,1.314506
DS_LOW_ENTROPY_2KB.json,LOW_ENTROPY,2,Huffman,12,0.125100,0.047600,2048,1558,1.314506
DS_LOW_ENTROPY_2KB.json,LOW_ENTROPY,2,Huffman,13,0.172600,0.057700,2048,1558,1.314506
DS_LOW_ENTROPY_2KB.json,LOW_ENTROPY,2,Huffman,14,0.190400,0.087000,2048,1558,1.314506
DS_LOW_ENTROPY_2KB.json,LOW_ENTROPY,2,Huffman,15,0.166900,0.051800,2048,1558,1.314506
DS_LOW_ENTROPY_2KB.json,LOW_ENTROPY,2,Huffman,16,0.116700,0.045600,2048,1558,1.314506
DS_LOW_ENTROPY_2KB.json,LOW_ENTROPY,2,Huffman,17,0.135200,0.047400,2048,1558,1.314506
DS_LOW_ENTROPY_2KB.json,LOW_ENTROPY,2,Huffman,18,0.185800,0.082000,2048,1558,1.314506
DS_LOW_ENTROPY_2KB.json,LOW_ENTROPY,2,Huffman,19,0.120100,0.048100,2048,1558,1.314506
DS_LOW_ENTROPY_2KB.json,LOW_ENTROPY,2,Huffman,20,0.123600,0.051300,2048,1558,1.314506
DS_LOW_ENTROPY_2KB.json,LOW_ENTROPY,2,Huffman,21,0.139700,0.054700,2048,1558,1.314506
DS_LOW_ENTROPY_2KB.json,LOW_ENTROPY,2,Huffman,22,0.132100,0.055800,2048,1558,1.314506
DS_LOW_ENTROPY_2KB.json,LOW_ENTROPY,2,Huffman,23,0.177600,0.072600,2048,1558,1.314506
DS_LOW_ENTROPY_2KB.json,LOW_ENTROPY,2,Huffman,24,0.144500,0.055300,2048,1558,1.314506
DS_LOW_ENTROPY_2KB.json,LOW_ENTROPY,2,Huffman,25,0.132100,0.050800,2048,1558,1.314506
DS_LOW_ENTROPY_2KB.json,LOW_ENTROPY,2,Huffman,26,0.126400,0.047100,2048,1558,1.314506
DS_LOW_ENTROPY_2KB.json,LOW_ENTROPY,2,Huffman,27,0.119400,0.050700,2048,1558,1.314506
DS_LOW_ENTROPY_2KB.json,LOW_ENTROPY,2,Huffman,28,0.161100,0.051400,2048,1558,1.314506
DS_LOW_ENTROPY_2KB.json,LOW_ENTROPY,2,Huffman,29,0.123700,0.050400,2048,1558,1.314506
DS_LOW_ENTROPY_2KB.json,LOW_ENTROPY,2,Huffman,30,0.185500,0.080000,2048,1558,1.314506
DS_LOW_ENTROPY_2KB.json,LOW_ENTROPY,2,LZW,1,0.305700,0.122200,2048,852,2.403756
DS_LOW_ENTROPY_2KB.json,LOW_ENTROPY,2,LZW,2,0.280200,0.064500,2048,852,2.403756
DS_LOW_ENTROPY_2KB.json,LOW_ENTROPY,2,LZW,3,0.171500,0.039000,2048,852,2.403756
DS_LOW_ENTROPY_2KB.json,LOW_ENTROPY,2,LZW,4,0.170400,0.045000,2048,852,2.403756
DS_LOW_ENTROPY_2KB.json,LOW_ENTROPY,2,LZW,5,0.351500,0.085600,2048,852,2.403756
DS_LOW_ENTROPY_2KB.json,LOW_ENTROPY,2,LZW,6,0.277500,0.064300,2048,852,2.403756
DS_LOW_ENTROPY_2KB.json,LOW_ENTROPY,2,LZW,7,0.170500,0.038700,2048,852,2.403756
DS_LOW_ENTROPY_2KB.json,LOW_ENTROPY,2,LZW,8,0.278300,0.063900,2048,852,2.403756
DS_LOW_ENTROPY_2KB.json,LOW_ENTROPY,2,LZW,9,0.194600,0.048400,2048,852,2.403756
DS_LOW_ENTROPY_2KB.json,LOW_ENTROPY,2,LZW,10,0.162800,0.038600,2048,852,2.403756
DS_LOW_ENTROPY_2KB.json,LOW_ENTROPY,2,LZW,11,0.171800,0.038800,2048,852,2.403756
DS_LOW_ENTROPY_2KB.json,LOW_ENTROPY,2,LZW,12,0.168200,0.039600,2048,852,2.403756
DS_LOW_ENTROPY_2KB.json,LOW_ENTROPY,2,LZW,13,0.175400,0.043200,2048,852,2.403756
DS_LOW_ENTROPY_2KB.json,LOW_ENTROPY,2,LZW,14,0.164900,0.039000,2048,852,2.403756
DS_LOW_ENTROPY_2KB.json,LOW_ENTROPY,2,LZW,15,0.295500,0.083900,2048,852,2.403756
DS_LOW_ENTROPY_2KB.json,LOW_ENTROPY,2,LZW,16,0.165400,0.039600,2048,852,2.403756
DS_LOW_ENTROPY_2KB.json,LOW_ENTROPY,2,LZW,17,0.170200,0.040900,2048,852,2.403756
DS_LOW_ENTROPY_2KB.json,LOW_ENTROPY,2,LZW,18,0.204400,0.045900,2048,852,2.403756
DS_LOW_ENTROPY_2KB.json,LOW_ENTROPY,2,LZW,19,0.200500,0.047200,2048,852,2.403756
DS_LOW_ENTROPY_2KB.json,LOW_ENTROPY,2,LZW,20,0.190200,0.042200,2048,852,2.403756
DS_LOW_ENTROPY_2KB.json,LOW_ENTROPY,2,LZW,21,0.163000,0.038900,2048,852,2.403756
DS_LOW_ENTROPY_2KB.json,LOW_ENTROPY,2,LZW,22,0.163000,0.055200,2048,852,2.403756
DS_LOW_ENTROPY_2KB.json,LOW_ENTROPY,2,LZW,23,0.167300,0.039800,2048,852,2.403756
DS_LOW_ENTROPY_2KB.json,LOW_ENTROPY,2,LZW,24,0.177300,0.039000,2048,852,2.403756
DS_LOW_ENTROPY_2KB.json,LOW_ENTROPY,2,LZW,25,0.168700,0.038400,2048,852,2.403756
DS_LOW_ENTROPY_2KB.json,LOW_ENTROPY,2,LZW,26,0.322600,0.045800,2048,852,2.403756
DS_LOW_ENTROPY_2KB.json,LOW_ENTROPY,2,LZW,27,0.171600,0.039100,2048,852,2.403756
DS_LOW_ENTROPY_2KB.json,LOW_ENTROPY,2,LZW,28,0.169100,0.039200,2048,852,2.403756
DS_LOW_ENTROPY_2KB.json,LOW_ENTROPY,2,LZW,29,0.193000,0.259800,2048,852,2.403756
DS_LOW_ENTROPY_2KB.json,LOW_ENTROPY,2,LZW,30,0.164900,0.039100,2048,852,2.403756
DS_LOW_ENTROPY_5KB.json,LOW_ENTROPY,5,Huffman,1,0.191500,0.071900,5120,2326,2.201204
DS_LOW_ENTROPY_5KB.json,LOW_ENTROPY,5,Huffman,2,0.168500,0.069100,5120,2326,2.201204
DS_LOW_ENTROPY_5KB.json,LOW_ENTROPY,5,Huffman,3,0.206200,0.080100,5120,2326,2.201204
DS_LOW_ENTROPY_5KB.json,LOW_ENTROPY,5,Huffman,4,0.166200,0.069500,5120,2326,2.201204
DS_LOW_ENTROPY_5KB.json,LOW_ENTROPY,5,Huffman,5,0.219200,0.082800,5120,2326,2.201204
DS_LOW_ENTROPY_5KB.json,LOW_ENTROPY,5,Huffman,6,0.197400,0.076900,5120,2326,2.201204
DS_LOW_ENTROPY_5KB.json,LOW_ENTROPY,5,Huffman,7,0.167300,0.073900,5120,2326,2.201204
DS_LOW_ENTROPY_5KB.json,LOW_ENTROPY,5,Huffman,8,0.173000,0.069000,5120,2326,2.201204
DS_LOW_ENTROPY_5KB.json,LOW_ENTROPY,5,Huffman,9,0.194100,0.070000,5120,2326,2.201204
DS_LOW_ENTROPY_5KB.json,LOW_ENTROPY,5,Huffman,10,0.207100,0.077800,5120,2326,2.201204
DS_LOW_ENTROPY_5KB.json,LOW_ENTROPY,5,Huffman,11,0.162800,0.068400,5120,2326,2.201204
DS_LOW_ENTROPY_5KB.json,LOW_ENTROPY,5,Huffman,12,0.247300,0.080800,5120,2326,2.201204
DS_LOW_ENTROPY_5KB.json,LOW_ENTROPY,5,Huffman,13,0.206400,0.098200,5120,2326,2.201204
DS_LOW_ENTROPY_5KB.json,LOW_ENTROPY,5,Huffman,14,0.236800,0.114600,5120,2326,2.201204
DS_LOW_ENTROPY_5KB.json,LOW_ENTROPY,5,Huffman,15,0.202700,0.083600,5120,2326,2.201204
DS_LOW_ENTROPY_5KB.json,LOW_ENTROPY,5,Huffman,16,0.164600,0.069500,5120,2326,2.201204
DS_LOW_ENTROPY_5KB.json,LOW_ENTROPY,5,Huffman,17,0.273000,0.120900,5120,2326,2.201204
DS_LOW_ENTROPY_5KB.json,LOW_ENTROPY,5,Huffman,18,0.168800,0.068500,5120,2326,2.201204
DS_LOW_ENTROPY_5KB.json,LOW_ENTROPY,5,Huffman,19,0.166100,0.070500,5120,2326,2.201204
DS_LOW_ENTROPY_5KB.json,LOW_ENTROPY,5,Huffman,20,0.171900,0.070400,5120,2326,2.201204
DS_LOW_ENTROPY_5KB.json,LOW_ENTROPY,5,Huffman,21,0.175300,0.070200,5120,2326,2.201204
DS_LOW_ENTROPY_5KB.json,LOW_ENTROPY,5,Huffman,22,0.181900,0.068500,5120,2326,2.201204
DS_LOW_ENTROPY_5KB.json,LOW_ENTROPY,5,Huffman,23,0.336900,0.086500,5120,2326,2.201204
DS_LOW_ENTROPY_5KB.json,LOW_ENTROPY,5,Huffman,24,0.239800,0.091900,5120,2326,2.201204
DS_LOW_ENTROPY_5KB.json,LOW_ENTROPY,5,Huffman,25,0.238500,0.118000,5120,2326,2.201204
DS_LOW_ENTROPY_5KB.json,LOW_ENTROPY,5,Huffman,26,0.278400,0.119900,5120,2326,2.201204
DS_LOW_ENTROPY_5KB.json,LOW_ENTROPY,5,Huffman,27,0.174000,0.068600,5120,2326,2.201204
DS_LOW_ENTROPY_5KB.json,LOW_ENTROPY,5,Huffman,28,0.267100,0.117000,5120,2326,2.201204
DS_LOW_ENTROPY_5KB.json,LOW_ENTROPY,5,Huffman,29,0.190900,0.071800,5120,2326,2.201204
DS_LOW_ENTROPY_5KB.json,LOW_ENTROPY,5,Huffman,30,0.169800,0.128200,5120,2326,2.201204
DS_LOW_ENTROPY_5KB.json,LOW_ENTROPY,5,LZW,1,0.346700,0.047200,5120,1324,3.867069
DS_LOW_ENTROPY_5KB.json,LOW_ENTROPY,5,LZW,2,0.346800,0.050600,5120,1324,3.867069
DS_LOW_ENTROPY_5KB.json,LOW_ENTROPY,5,LZW,3,0.437600,0.069200,5120,1324,3.867069
DS_LOW_ENTROPY_5KB.json,LOW_ENTROPY,5,LZW,4,0.360100,0.081100,5120,1324,3.867069
DS_LOW_ENTROPY_5KB.json,LOW_ENTROPY,5,LZW,5,0.395400,0.051500,5120,1324,3.867069
DS_LOW_ENTROPY_5KB.json,LOW_ENTROPY,5,LZW,6,0.355000,0.067300,5120,1324,3.867069
DS_LOW_ENTROPY_5KB.json,LOW_ENTROPY,5,LZW,7,0.349800,0.051300,5120,1324,3.867069
DS_LOW_ENTROPY_5KB.json,LOW_ENTROPY,5,LZW,8,0.607900,0.078300,5120,1324,3.867069
DS_LOW_ENTROPY_5KB.json,LOW_ENTROPY,5,LZW,9,0.399500,0.066400,5120,1324,3.867069
DS_LOW_ENTROPY_5KB.json,LOW_ENTROPY,5,LZW,10,0.604100,0.080700,5120,1324,3.867069
DS_LOW_ENTROPY_5KB.json,LOW_ENTROPY,5,LZW,11,0.578900,0.048400,5120,1324,3.867069
DS_LOW_ENTROPY_5KB.json,LOW_ENTROPY,5,LZW,12,0.605900,0.079600,5120,1324,3.867069
DS_LOW_ENTROPY_5KB.json,LOW_ENTROPY,5,LZW,13,0.486100,0.084200,5120,1324,3.867069
DS_LOW_ENTROPY_5KB.json,LOW_ENTROPY,5,LZW,14,0.350500,0.047800,5120,1324,3.867069
DS_LOW_ENTROPY_5KB.json,LOW_ENTROPY,5,LZW,15,0.360000,0.048900,5120,1324,3.867069
DS_LOW_ENTROPY_5KB.json,LOW_ENTROPY,5,LZW,16,0.378000,0.070600,5120,1324,3.867069
DS_LOW_ENTROPY_5KB.json,LOW_ENTROPY,5,LZW,17,0.533300,0.057300,5120,1324,3.867069
DS_LOW_ENTROPY_5KB.json,LOW_ENTROPY,5,LZW,18,0.607200,0.081500,5120,1324,3.867069
DS_LOW_ENTROPY_5KB.json,LOW_ENTROPY,5,LZW,19,0.407800,0.063600,5120,1324,3.867069
DS_LOW_ENTROPY_5KB.json,LOW_ENTROPY,5,LZW,20,0.343200,0.048200,5120,1324,3.867069
DS_LOW_ENTROPY_5KB.json,LOW_ENTROPY,5,LZW,21,0.401300,0.055000,5120,1324,3.867069
DS_LOW_ENTROPY_5KB.json,LOW_ENTROPY,5,LZW,22,0.346000,0.048900,5120,1324,3.867069
DS_LOW_ENTROPY_5KB.json,LOW_ENTROPY,5,LZW,23,0.609500,0.050100,5120,1324,3.867069
DS_LOW_ENTROPY_5KB.json,LOW_ENTROPY,5,LZW,24,0.356800,0.048300,5120,1324,3.867069
DS_LOW_ENTROPY_5KB.json,LOW_ENTROPY,5,LZW,25,0.359600,0.048700,5120,1324,3.867069
DS_LOW_ENTROPY_5KB.json,LOW_ENTROPY,5,LZW,26,0.447700,0.158600,5120,1324,3.867069
DS_LOW_ENTROPY_5KB.json,LOW_ENTROPY,5,LZW,27,0.398500,0.047600,5120,1324,3.867069
DS_LOW_ENTROPY_5KB.json,LOW_ENTROPY,5,LZW,28,0.576800,0.111700,5120,1324,3.867069
DS_LOW_ENTROPY_5KB.json,LOW_ENTROPY,5,LZW,29,0.544100,0.070100,5120,1324,3.867069
DS_LOW_ENTROPY_5KB.json,LOW_ENTROPY,5,LZW,30,0.374700,0.049000,5120,1324,3.867069
DS_LOW_ENTROPY_10KB.json,LOW_ENTROPY,10,Huffman,1,0.390500,0.179100,10240,3606,2.839712
DS_LOW_ENTROPY_10KB.json,LOW_ENTROPY,10,Huffman,2,0.237500,0.104400,10240,3606,2.839712
DS_LOW_ENTROPY_10KB.json,LOW_ENTROPY,10,Huffman,3,0.254100,0.157600,10240,3606,2.839712
DS_LOW_ENTROPY_10KB.json,LOW_ENTROPY,10,Huffman,4,0.250900,0.108400,10240,3606,2.839712
DS_LOW_ENTROPY_10KB.json,LOW_ENTROPY,10,Huffman,5,0.294400,0.122200,10240,3606,2.839712
DS_LOW_ENTROPY_10KB.json,LOW_ENTROPY,10,Huffman,6,0.266400,0.103700,10240,3606,2.839712
DS_LOW_ENTROPY_10KB.json,LOW_ENTROPY,10,Huffman,7,0.268000,0.110500,10240,3606,2.839712
DS_LOW_ENTROPY_10KB.json,LOW_ENTROPY,10,Huffman,8,0.395600,0.179600,10240,3606,2.839712
DS_LOW_ENTROPY_10KB.json,LOW_ENTROPY,10,Huffman,9,0.402400,0.188100,10240,3606,2.839712
DS_LOW_ENTROPY_10KB.json,LOW_ENTROPY,10,Huffman,10,0.256000,0.117400,10240,3606,2.839712
DS_LOW_ENTROPY_10KB.json,LOW_ENTROPY,10,Huffman,11,0.265800,0.107500,10240,3606,2.839712
DS_LOW_ENTROPY_10KB.json,LOW_ENTROPY,10,Huffman,12,0.248600,0.105600,10240,3606,2.839712
DS_LOW_ENTROPY_10KB.json,LOW_ENTROPY,10,Huffman,13,0.525100,0.192000,10240,3606,2.839712
DS_LOW_ENTROPY_10KB.json,LOW_ENTROPY,10,Huffman,14,0.396500,0.179600,10240,3606,2.839712
DS_LOW_ENTROPY_10KB.json,LOW_ENTROPY,10,Huffman,15,0.251500,0.111100,10240,3606,2.839712
DS_LOW_ENTROPY_10KB.json,LOW_ENTROPY,10,Huffman,16,0.241100,0.104500,10240,3606,2.839712
DS_LOW_ENTROPY_10KB.json,LOW_ENTROPY,10,Huffman,17,0.239500,0.133100,10240,3606,2.839712
DS_LOW_ENTROPY_10KB.json,LOW_ENTROPY,10,Huffman,18,0.317100,0.140800,10240,3606,2.839712
DS_LOW_ENTROPY_10KB.json,LOW_ENTROPY,10,Huffman,19,0.330000,0.145100,10240,3606,2.839712
DS_LOW_ENTROPY_10KB.json,LOW_ENTROPY,10,Huffman,20,0.396500,0.228200,10240,3606,2.839712
DS_LOW_ENTROPY_10KB.json,LOW_ENTROPY,10,Huffman,21,0.304900,0.106400,10240,3606,2.839712
DS_LOW_ENTROPY_10KB.json,LOW_ENTROPY,10,Huffman,22,0.266100,0.107100,10240,3606,2.839712
DS_LOW_ENTROPY_10KB.json,LOW_ENTROPY,10,Huffman,23,0.398500,0.183300,10240,3606,2.839712
DS_LOW_ENTROPY_10KB.json,LOW_ENTROPY,10,Huffman,24,0.245100,0.109700,10240,3606,2.839712
DS_LOW_ENTROPY_10KB.json,LOW_ENTROPY,10,Huffman,25,0.237300,0.105500,10240,3606,2.839712
DS_LOW_ENTROPY_10KB.json,LOW_ENTROPY,10,Huffman,26,0.253100,0.104000,10240,3606,2.839712
DS_LOW_ENTROPY_10KB.json,LOW_ENTROPY,10,Huffman,27,0.236900,0.103800,10240,3606,2.839712
DS_LOW_ENTROPY_10KB.json,LOW_ENTROPY,10,Huffman,28,0.337600,0.184100,10240,3606,2.839712
DS_LOW_ENTROPY_10KB.json,LOW_ENTROPY,10,Huffman,29,0.280100,0.105800,10240,3606,2.839712
DS_LOW_ENTROPY_10KB.json,LOW_ENTROPY,10,Huffman,30,0.239100,0.105400,10240,3606,2.839712
DS_LOW_ENTROPY_10KB.json,LOW_ENTROPY,10,LZW,1,0.677500,0.062900,10240,1856,5.517241
DS_LOW_ENTROPY_10KB.json,LOW_ENTROPY,10,LZW,2,0.660400,0.190400,10240,1856,5.517241
DS_LOW_ENTROPY_10KB.json,LOW_ENTROPY,10,LZW,3,0.818700,0.104300,10240,1856,5.517241
DS_LOW_ENTROPY_10KB.json,LOW_ENTROPY,10,LZW,4,0.953900,0.106100,10240,1856,5.517241
DS_LOW_ENTROPY_10KB.json,LOW_ENTROPY,10,LZW,5,0.660800,0.064400,10240,1856,5.517241
DS_LOW_ENTROPY_10KB.json,LOW_ENTROPY,10,LZW,6,0.659200,0.065300,10240,1856,5.517241
DS_LOW_ENTROPY_10KB.json,LOW_ENTROPY,10,LZW,7,0.666900,0.064200,10240,1856,5.517241
DS_LOW_ENTROPY_10KB.json,LOW_ENTROPY,10,LZW,8,0.738600,0.067100,10240,1856,5.517241
DS_LOW_ENTROPY_10KB.json,LOW_ENTROPY,10,LZW,9,1.144800,0.078800,10240,1856,5.517241
DS_LOW_ENTROPY_10KB.json,LOW_ENTROPY,10,LZW,10,0.675600,0.069200,10240,1856,5.517241
DS_LOW_ENTROPY_10KB.json,LOW_ENTROPY,10,LZW,11,0.827800,0.090200,10240,1856,5.517241
DS_LOW_ENTROPY_10KB.json,LOW_ENTROPY,10,LZW,12,0.687400,0.069800,10240,1856,5.517241
DS_LOW_ENTROPY_10KB.json,LOW_ENTROPY,10,LZW,13,0.829500,0.090500,10240,1856,5.517241
DS_LOW_ENTROPY_10KB.json,LOW_ENTROPY,10,LZW,14,1.237000,0.095500,10240,1856,5.517241
DS_LOW_ENTROPY_10KB.json,LOW_ENTROPY,10,LZW,15,1.157500,0.074700,10240,1856,5.517241
DS_LOW_ENTROPY_10KB.json,LOW_ENTROPY,10,LZW,16,0.744600,0.065600,10240,1856,5.517241
DS_LOW_ENTROPY_10KB.json,LOW_ENTROPY,10,LZW,17,0.661300,0.064100,10240,1856,5.517241
DS_LOW_ENTROPY_10KB.json,LOW_ENTROPY,10,LZW,18,0.743400,0.068500,10240,1856,5.517241
DS_LOW_ENTROPY_10KB.json,LOW_ENTROPY,10,LZW,19,0.800900,0.067300,10240,1856,5.517241
DS_LOW_ENTROPY_10KB.json,LOW_ENTROPY,10,LZW,20,0.730200,0.092400,10240,1856,5.517241
DS_LOW_ENTROPY_10KB.json,LOW_ENTROPY,10,LZW,21,0.818000,0.080100,10240,1856,5.517241
DS_LOW_ENTROPY_10KB.json,LOW_ENTROPY,10,LZW,22,0.761000,0.147400,10240,1856,5.517241
DS_LOW_ENTROPY_10KB.json,LOW_ENTROPY,10,LZW,23,0.667400,0.086000,10240,1856,5.517241
DS_LOW_ENTROPY_10KB.json,LOW_ENTROPY,10,LZW,24,0.799300,0.066400,10240,1856,5.517241
DS_LOW_ENTROPY_10KB.json,LOW_ENTROPY,10,LZW,25,0.764600,0.098000,10240,1856,5.517241
DS_LOW_ENTROPY_10KB.json,LOW_ENTROPY,10,LZW,26,1.140700,0.063300,10240,1856,5.517241
DS_LOW_ENTROPY_10KB.json,LOW_ENTROPY,10,LZW,27,0.664100,0.062400,10240,1856,5.517241
DS_LOW_ENTROPY_10KB.json,LOW_ENTROPY,10,LZW,28,0.931700,0.069700,10240,1856,5.517241
DS_LOW_ENTROPY_10KB.json,LOW_ENTROPY,10,LZW,29,1.072300,0.067200,10240,1856,5.517241
DS_LOW_ENTROPY_10KB.json,LOW_ENTROPY,10,LZW,30,1.144000,0.070800,10240,1856,5.517241
DS_LOW_ENTROPY_50KB.json,LOW_ENTROPY,50,Huffman,1,0.839400,0.387100,51200,13846,3.697819
DS_LOW_ENTROPY_50KB.json,LOW_ENTROPY,50,Huffman,2,0.878000,0.387300,51200,13846,3.697819
DS_LOW_ENTROPY_50KB.json,LOW_ENTROPY,50,Huffman,3,0.862900,0.387700,51200,13846,3.697819
DS_LOW_ENTROPY_50KB.json,LOW_ENTROPY,50,Huffman,4,0.837800,0.394400,51200,13846,3.697819
DS_LOW_ENTROPY_50KB.json,LOW_ENTROPY,50,Huffman,5,0.845200,0.385200,51200,13846,3.697819
DS_LOW_ENTROPY_50KB.json,LOW_ENTROPY,50,Huffman,6,0.983200,0.397200,51200,13846,3.697819
DS_LOW_ENTROPY_50KB.json,LOW_ENTROPY,50,Huffman,7,1.092400,0.435300,51200,13846,3.697819
DS_LOW_ENTROPY_50KB.json,LOW_ENTROPY,50,Huffman,8,0.843700,0.389000,51200,13846,3.697819
DS_LOW_ENTROPY_50KB.json,LOW_ENTROPY,50,Huffman,9,0.847500,0.387500,51200,13846,3.697819
DS_LOW_ENTROPY_50KB.json,LOW_ENTROPY,50,Huffman,10,0.853400,0.389900,51200,13846,3.697819
DS_LOW_ENTROPY_50KB.json,LOW_ENTROPY,50,Huffman,11,0.869400,0.774600,51200,13846,3.697819
DS_LOW_ENTROPY_50KB.json,LOW_ENTROPY,50,Huffman,12,0.832000,0.385500,51200,13846,3.697819
DS_LOW_ENTROPY_50KB.json,LOW_ENTROPY,50,Huffman,13,0.910000,0.390900,51200,13846,3.697819
DS_LOW_ENTROPY_50KB.json,LOW_ENTROPY,50,Huffman,14,0.992100,0.386700,51200,13846,3.697819
DS_LOW_ENTROPY_50KB.json,LOW_ENTROPY,50,Huffman,15,0.840200,0.505100,51200,13846,3.697819
DS_LOW_ENTROPY_50KB.json,LOW_ENTROPY,50,Huffman,16,1.269500,0.869400,51200,13846,3.697819
DS_LOW_ENTROPY_50KB.json,LOW_ENTROPY,50,Huffman,17,0.903700,0.433800,51200,13846,3.697819
DS_LOW_ENTROPY_50KB.json,LOW_ENTROPY,50,Huffman,18,0.838400,0.388000,51200,13846,3.697819
DS_LOW_ENTROPY_50KB.json,LOW_ENTROPY,50,Huffman,19,0.849600,0.385900,51200,13846,3.697819
DS_LOW_ENTROPY_50KB.json,LOW_ENTROPY,50,Huffman,20,1.151600,0.387400,51200,13846,3.697819
DS_LOW_ENTROPY_50KB.json,LOW_ENTROPY,50,Huffman,21,0.876000,0.388000,51200,13846,3.697819
DS_LOW_ENTROPY_50KB.json,LOW_ENTROPY,50,Huffman,22,1.200600,0.565900,51200,13846,3.697819
DS_LOW_ENTROPY_50KB.json,LOW_ENTROPY,50,Huffman,23,0.868800,0.488900,51200,13846,3.697819
DS_LOW_ENTROPY_50KB.json,LOW_ENTROPY,50,Huffman,24,0.998300,0.406500,51200,13846,3.697819
DS_LOW_ENTROPY_50KB.json,LOW_ENTROPY,50,Huffman,25,1.349100,0.400700,51200,13846,3.697819
DS_LOW_ENTROPY_50KB.json,LOW_ENTROPY,50,Huffman,26,0.961700,0.509500,51200,13846,3.697819
DS_LOW_ENTROPY_50KB.json,LOW_ENTROPY,50,Huffman,27,0.840500,0.390200,51200,13846,3.697819
DS_LOW_ENTROPY_50KB.json,LOW_ENTROPY,50,Huffman,28,0.938000,0.587500,51200,13846,3.697819
DS_LOW_ENTROPY_50KB.json,LOW_ENTROPY,50,Huffman,29,0.835900,0.386800,51200,13846,3.697819
DS_LOW_ENTROPY_50KB.json,LOW_ENTROPY,50,Huffman,30,1.523500,0.508000,51200,13846,3.697819
DS_LOW_ENTROPY_50KB.json,LOW_ENTROPY,50,LZW,1,4.964100,0.173300,51200,4092,12.512219
DS_LOW_ENTROPY_50KB.json,LOW_ENTROPY,50,LZW,2,3.451700,0.309900,51200,4092,12.512219
DS_LOW_ENTROPY_50KB.json,LOW_ENTROPY,50,LZW,3,4.236200,0.132200,51200,4092,12.512219
DS_LOW_ENTROPY_50KB.json,LOW_ENTROPY,50,LZW,4,3.772900,0.154800,51200,4092,12.512219
DS_LOW_ENTROPY_50KB.json,LOW_ENTROPY,50,LZW,5,4.484300,0.185800,51200,4092,12.512219
DS_LOW_ENTROPY_50KB.json,LOW_ENTROPY,50,LZW,6,3.766500,0.132200,51200,4092,12.512219
DS_LOW_ENTROPY_50KB.json,LOW_ENTROPY,50,LZW,7,3.747000,0.160300,51200,4092,12.512219
DS_LOW_ENTROPY_50KB.json,LOW_ENTROPY,50,LZW,8,4.852200,0.204000,51200,4092,12.512219
DS_LOW_ENTROPY_50KB.json,LOW_ENTROPY,50,LZW,9,3.861700,0.139000,51200,4092,12.512219
DS_LOW_ENTROPY_50KB.json,LOW_ENTROPY,50,LZW,10,3.493100,0.132300,51200,4092,12.512219
DS_LOW_ENTROPY_50KB.json,LOW_ENTROPY,50,LZW,11,4.049000,0.138700,51200,4092,12.512219
DS_LOW_ENTROPY_50KB.json,LOW_ENTROPY,50,LZW,12,3.656600,0.142200,51200,4092,12.512219
DS_LOW_ENTROPY_50KB.json,LOW_ENTROPY,50,LZW,13,3.447100,0.150900,51200,4092,12.512219
DS_LOW_ENTROPY_50KB.json,LOW_ENTROPY,50,LZW,14,3.721500,0.130000,51200,4092,12.512219
DS_LOW_ENTROPY_50KB.json,LOW_ENTROPY,50,LZW,15,3.785300,0.138300,51200,4092,12.512219
DS_LOW_ENTROPY_50KB.json,LOW_ENTROPY,50,LZW,16,3.817400,0.129300,51200,4092,12.512219
DS_LOW_ENTROPY_50KB.json,LOW_ENTROPY,50,LZW,17,3.826500,0.129500,51200,4092,12.512219
DS_LOW_ENTROPY_50KB.json,LOW_ENTROPY,50,LZW,18,3.493800,0.135000,51200,4092,12.512219
DS_LOW_ENTROPY_50KB.json,LOW_ENTROPY,50,LZW,19,3.514500,0.132900,51200,4092,12.512219
DS_LOW_ENTROPY_50KB.json,LOW_ENTROPY,50,LZW,20,4.854300,0.301100,51200,4092,12.512219
DS_LOW_ENTROPY_50KB.json,LOW_ENTROPY,50,LZW,21,3.699200,0.212400,51200,4092,12.512219
DS_LOW_ENTROPY_50KB.json,LOW_ENTROPY,50,LZW,22,3.917300,0.132500,51200,4092,12.512219
DS_LOW_ENTROPY_50KB.json,LOW_ENTROPY,50,LZW,23,3.567600,0.127900,51200,4092,12.512219
DS_LOW_ENTROPY_50KB.json,LOW_ENTROPY,50,LZW,24,3.474900,0.129000,51200,4092,12.512219
DS_LOW_ENTROPY_50KB.json,LOW_ENTROPY,50,LZW,25,4.121400,0.147700,51200,4092,12.512219
DS_LOW_ENTROPY_50KB.json,LOW_ENTROPY,50,LZW,26,3.833600,0.130300,51200,4092,12.512219
DS_LOW_ENTROPY_50KB.json,LOW_ENTROPY,50,LZW,27,4.613900,0.173000,51200,4092,12.512219
DS_LOW_ENTROPY_50KB.json,LOW_ENTROPY,50,LZW,28,3.926600,0.139300,51200,4092,12.512219
DS_LOW_ENTROPY_50KB.json,LOW_ENTROPY,50,LZW,29,3.967000,0.135300,51200,4092,12.512219
DS_LOW_ENTROPY_50KB.json,LOW_ENTROPY,50,LZW,30,4.045400,0.146900,51200,4092,12.512219
DS_LOW_ENTROPY_100KB.json,LOW_ENTROPY,100,Huffman,1,1.575400,0.767700,102400,26646,3.842978
DS_LOW_ENTROPY_100KB.json,LOW_ENTROPY,100,Huffman,2,2.086600,0.926400,102400,26646,3.842978
DS_LOW_ENTROPY_100KB.json,LOW_ENTROPY,100,Huffman,3,1.888300,0.979800,102400,26646,3.842978
DS_LOW_ENTROPY_100KB.json,LOW_ENTROPY,100,Huffman,4,2.446100,1.411700,102400,26646,3.842978
DS_LOW_ENTROPY_100KB.json,LOW_ENTROPY,100,Huffman,5,1.606200,0.786400,102400,26646,3.842978
DS_LOW_ENTROPY_100KB.json,LOW_ENTROPY,100,Huffman,6,2.399300,0.849600,102400,26646,3.842978
DS_LOW_ENTROPY_100KB.json,LOW_ENTROPY,100,Huffman,7,1.843400,0.764400,102400,26646,3.842978
DS_LOW_ENTROPY_100KB.json,LOW_ENTROPY,100,Huffman,8,1.684900,0.817900,102400,26646,3.842978
DS_LOW_ENTROPY_100KB.json,LOW_ENTROPY,100,Huffman,9,1.600600,0.779100,102400,26646,3.842978
DS_LOW_ENTROPY_100KB.json,LOW_ENTROPY,100,Huffman,10,1.650900,0.855700,102400,26646,3.842978
DS_LOW_ENTROPY_100KB.json,LOW_ENTROPY,100,Huffman,11,2.136800,1.485600,102400,26646,3.842978
DS_LOW_ENTROPY_100KB.json,LOW_ENTROPY,100,Huffman,12,2.426800,0.987800,102400,26646,3.842978
DS_LOW_ENTROPY_100KB.json,LOW_ENTROPY,100,Huffman,13,1.982000,0.763700,102400,26646,3.842978
DS_LOW_ENTROPY_100KB.json,LOW_ENTROPY,100,Huffman,14,2.333000,0.772100,102400,26646,3.842978
DS_LOW_ENTROPY_100KB.json,LOW_ENTROPY,100,Huffman,15,1.728700,0.759500,102400,26646,3.842978
DS_LOW_ENTROPY_100KB.json,LOW_ENTROPY,100,Huffman,16,1.801600,0.777200,102400,26646,3.842978
DS_LOW_ENTROPY_100KB.json,LOW_ENTROPY,100,Huffman,17,2.243800,0.800500,102400,26646,3.842978
DS_LOW_ENTROPY_100KB.json,LOW_ENTROPY,100,Huffman,18,1.596400,0.771000,102400,26646,3.842978
DS_LOW_ENTROPY_100KB.json,LOW_ENTROPY,100,Huffman,19,1.578800,0.944400,102400,26646,3.842978
DS_LOW_ENTROPY_100KB.json,LOW_ENTROPY,100,Huffman,20,1.863200,0.778300,102400,26646,3.842978
DS_LOW_ENTROPY_100KB.json,LOW_ENTROPY,100,Huffman,21,1.777500,0.841900,102400,26646,3.842978
DS_LOW_ENTROPY_100KB.json,LOW_ENTROPY,100,Huffman,22,1.589800,0.785700,102400,26646,3.842978
DS_LOW_ENTROPY_100KB.json,LOW_ENTROPY,100,Huffman,23,1.693500,0.790800,102400,26646,3.842978
DS_LOW_ENTROPY_100KB.json,LOW_ENTROPY,100,Huffman,24,1.599200,0.787400,102400,26646,3.842978
DS_LOW_ENTROPY_100KB.json,LOW_ENTROPY,100,Huffman,25,2.254900,0.773200,102400,26646,3.842978
DS_LOW_ENTROPY_100KB.json,LOW_ENTROPY,100,Huffman,26,1.599900,0.777100,102400,26646,3.842978
DS_LOW_ENTROPY_100KB.json,LOW_ENTROPY,100,Huffman,27,1.651000,0.775100,102400,26646,3.842978
DS_LOW_ENTROPY_100KB.json,LOW_ENTROPY,100,Huffman,28,1.630500,0.771000,102400,26646,3.842978
DS_LOW_ENTROPY_100KB.json,LOW_ENTROPY,100,Huffman,29,1.602000,0.761200,102400,26646,3.842978
DS_LOW_ENTROPY_100KB.json,LOW_ENTROPY,100,Huffman,30,1.573100,1.042200,102400,26646,3.842978
DS_LOW_ENTROPY_100KB.json,LOW_ENTROPY,100,LZW,1,7.868600,0.204100,102400,5768,17.753121
DS_LOW_ENTROPY_100KB.json,LOW_ENTROPY,100,LZW,2,8.781000,0.236400,102400,5768,17.753121
DS_LOW_ENTROPY_100KB.json,LOW_ENTROPY,100,LZW,3,8.549400,0.250600,102400,5768,17.753121
DS_LOW_ENTROPY_100KB.json,LOW_ENTROPY,100,LZW,4,8.194600,0.254400,102400,5768,17.753121
DS_LOW_ENTROPY_100KB.json,LOW_ENTROPY,100,LZW,5,12.473700,0.226400,102400,5768,17.753121
DS_LOW_ENTROPY_100KB.json,LOW_ENTROPY,100,LZW,6,8.339600,0.207700,102400,5768,17.753121
DS_LOW_ENTROPY_100KB.json,LOW_ENTROPY,100,LZW,7,7.765000,0.213500,102400,5768,17.753121
DS_LOW_ENTROPY_100KB.json,LOW_ENTROPY,100,LZW,8,7.593700,0.233400,102400,5768,17.753121
DS_LOW_ENTROPY_100KB.json,LOW_ENTROPY,100,LZW,9,7.525400,0.228300,102400,5768,17.753121
DS_LOW_ENTROPY_100KB.json,LOW_ENTROPY,100,LZW,10,8.134500,0.206400,102400,5768,17.753121
DS_LOW_ENTROPY_100KB.json,LOW_ENTROPY,100,LZW,11,8.122900,0.216400,102400,5768,17.753121
DS_LOW_ENTROPY_100KB.json,LOW_ENTROPY,100,LZW,12,8.075700,0.209400,102400,5768,17.753121
DS_LOW_ENTROPY_100KB.json,LOW_ENTROPY,100,LZW,13,9.069100,0.207800,102400,5768,17.753121
DS_LOW_ENTROPY_100KB.json,LOW_ENTROPY,100,LZW,14,8.321100,0.212200,102400,5768,17.753121
DS_LOW_ENTROPY_100KB.json,LOW_ENTROPY,100,LZW,15,8.107100,0.218900,102400,5768,17.753121
DS_LOW_ENTROPY_100KB.json,LOW_ENTROPY,100,LZW,16,8.184400,0.213300,102400,5768,17.753121
DS_LOW_ENTROPY_100KB.json,LOW_ENTROPY,100,LZW,17,8.569300,0.257300,102400,5768,17.753121
DS_LOW_ENTROPY_100KB.json,LOW_ENTROPY,100,LZW,18,7.672500,0.216300,102400,5768,17.753121
DS_LOW_ENTROPY_100KB.json,LOW_ENTROPY,100,LZW,19,8.481100,0.263000,102400,5768,17.753121
DS_LOW_ENTROPY_100KB.json,LOW_ENTROPY,100,LZW,20,7.994500,0.203600,102400,5768,17.753121
DS_LOW_ENTROPY_100KB.json,LOW_ENTROPY,100,LZW,21,7.983700,0.292200,102400,5768,17.753121
DS_LOW_ENTROPY_100KB.json,LOW_ENTROPY,100,LZW,22,7.506200,0.210400,102400,5768,17.753121
DS_LOW_ENTROPY_100KB.json,LOW_ENTROPY,100,LZW,23,8.431600,0.230100,102400,5768,17.753121
DS_LOW_ENTROPY_100KB.json,LOW_ENTROPY,100,LZW,24,9.272200,0.295300,102400,5768,17.753121
DS_LOW_ENTROPY_100KB.json,LOW_ENTROPY,100,LZW,25,9.585200,0.330100,102400,5768,17.753121
DS_LOW_ENTROPY_100KB.json,LOW_ENTROPY,100,LZW,26,9.375700,0.250400,102400,5768,17.753121
DS_LOW_ENTROPY_100KB.json,LOW_ENTROPY,100,LZW,27,8.216700,0.218400,102400,5768,17.753121
DS_LOW_ENTROPY_100KB.json,LOW_ENTROPY,100,LZW,28,7.915300,0.225000,102400,5768,17.753121
DS_LOW_ENTROPY_100KB.json,LOW_ENTROPY,100,LZW,29,8.337600,0.208100,102400,5768,17.753121
DS_LOW_ENTROPY_100KB.json,LOW_ENTROPY,100,LZW,30,10.010900,0.207200,102400,5768,17.753121
DS_LOW_ENTROPY_500KB.json,LOW_ENTROPY,500,Huffman,1,8.893600,4.044200,512000,129046,3.967577
DS_LOW_ENTROPY_500KB.json,LOW_ENTROPY,500,Huffman,2,7.742200,6.463200,512000,129046,3.967577
DS_LOW_ENTROPY_500KB.json,LOW_ENTROPY,500,Huffman,3,8.311300,3.994500,512000,129046,3.967577
DS_LOW_ENTROPY_500KB.json,LOW_ENTROPY,500,Huffman,4,7.796600,3.725200,512000,129046,3.967577
DS_LOW_ENTROPY_500KB.json,LOW_ENTROPY,500,Huffman,5,8.178600,5.084000,512000,129046,3.967577
DS_LOW_ENTROPY_500KB.json,LOW_ENTROPY,500,Huffman,6,7.838700,3.661800,512000,129046,3.967577
DS_LOW_ENTROPY_500KB.json,LOW_ENTROPY,500,Huffman,7,8.274300,3.843500,512000,129046,3.967577
DS_LOW_ENTROPY_500KB.json,LOW_ENTROPY,500,Huffman,8,9.141900,4.220200,512000,129046,3.967577
DS_LOW_ENTROPY_500KB.json,LOW_ENTROPY,500,Huffman,9,7.585000,3.648000,512000,129046,3.967577
DS_LOW_ENTROPY_500KB.json,LOW_ENTROPY,500,Huffman,10,8.657100,3.724400,512000,129046,3.967577
DS_LOW_ENTROPY_500KB.json,LOW_ENTROPY,500,Huffman,11,11.244800,5.857900,512000,129046,3.967577
DS_LOW_ENTROPY_500KB.json,LOW_ENTROPY,500,Huffman,12,11.091200,5.833800,512000,129046,3.967577
DS_LOW_ENTROPY_500KB.json,LOW_ENTROPY,500,Huffman,13,8.084100,3.728200,512000,129046,3.967577
DS_LOW_ENTROPY_500KB.json,LOW_ENTROPY,500,Huffman,14,7.650300,3.750300,512000,129046,3.967577
DS_LOW_ENTROPY_500KB.json,LOW_ENTROPY,500,Huffman,15,7.598600,3.913900,512000,129046,3.967577
DS_LOW_ENTROPY_500KB.json,LOW_ENTROPY,500,Huffman,16,7.990700,3.689200,512000,129046,3.967577
DS_LOW_ENTROPY_500KB.json,LOW_ENTROPY,500,Huffman,17,9.623000,3.817000,512000,129046,3.967577
DS_LOW_ENTROPY_500KB.json,LOW_ENTROPY,500,Huffman,18,9.167200,3.777700,512000,129046,3.967577
DS_LOW_ENTROPY_500KB.json,LOW_ENTROPY,500,Huffman,19,11.341600,6.598700,512000,129046,3.967577
DS_LOW_ENTROPY_500KB.json,LOW_ENTROPY,500,Huffman,20,7.997300,3.776400,512000,129046,3.967577
DS_LOW_ENTROPY_500KB.json,LOW_ENTROPY,500,Huffman,21,8.753300,3.750100,512000,129046,3.967577
DS_LOW_ENTROPY_500KB.json,LOW_ENTROPY,500,Huffman,22,7.765400,3.884700,512000,129046,3.967577
DS_LOW_ENTROPY_500KB.json,LOW_ENTROPY,500,Huffman,23,7.599300,3.686500,512000,129046,3.967577
DS_LOW_ENTROPY_500KB.json,LOW_ENTROPY,500,Huffman,24,8.392700,3.912000,512000,129046,3.967577
DS_LOW_ENTROPY_500KB.json,LOW_ENTROPY,500,Huffman,25,8.376200,4.176100,512000,129046,3.967577
DS_LOW_ENTROPY_500KB.json,LOW_ENTROPY,500,Huffman,26,8.001300,3.782500,512000,129046,3.967577
DS_LOW_ENTROPY_500KB.json,LOW_ENTROPY,500,Huffman,27,8.315000,3.891000,512000,129046,3.967577
DS_LOW_ENTROPY_500KB.json,LOW_ENTROPY,500,Huffman,28,8.584300,4.186300,512000,129046,3.967577
DS_LOW_ENTROPY_500KB.json,LOW_ENTROPY,500,Huffman,29,9.612400,4.247700,512000,129046,3.967577
DS_LOW_ENTROPY_500KB.json,LOW_ENTROPY,500,Huffman,30,7.731600,3.660100,512000,129046,3.967577
DS_LOW_ENTROPY_500KB.json,LOW_ENTROPY,500,LZW,1,57.076700,0.658700,512000,12844,39.862971
DS_LOW_ENTROPY_500KB.json,LOW_ENTROPY,500,LZW,2,66.301300,0.621100,512000,12844,39.862971
DS_LOW_ENTROPY_500KB.json,LOW_ENTROPY,500,LZW,3,65.444700,0.602800,512000,12844,39.862971
DS_LOW_ENTROPY_500KB.json,LOW_ENTROPY,500,LZW,4,60.857200,0.613500,512000,12844,39.862971
DS_LOW_ENTROPY_500KB.json,LOW_ENTROPY,500,LZW,5,62.275600,0.927000,512000,12844,39.862971
DS_LOW_ENTROPY_500KB.json,LOW_ENTROPY,500,LZW,6,59.645500,0.769500,512000,12844,39.862971
DS_LOW_ENTROPY_500KB.json,LOW_ENTROPY,500,LZW,7,61.911300,0.664700,512000,12844,39.862971
DS_LOW_ENTROPY_500KB.json,LOW_ENTROPY,500,LZW,8,56.569000,0.677300,512000,12844,39.862971
DS_LOW_ENTROPY_500KB.json,LOW_ENTROPY,500,LZW,9,61.282900,0.644000,512000,12844,39.862971
DS_LOW_ENTROPY_500KB.json,LOW_ENTROPY,500,LZW,10,64.644100,0.613900,512000,12844,39.862971
DS_LOW_ENTROPY_500KB.json,LOW_ENTROPY,500,LZW,11,61.123600,0.615400,512000,12844,39.862971
DS_LOW_ENTROPY_500KB.json,LOW_ENTROPY,500,LZW,12,58.631800,0.599900,512000,12844,39.862971
DS_LOW_ENTROPY_500KB.json,LOW_ENTROPY,500,LZW,13,62.770200,0.658600,512000,12844,39.862971
DS_LOW_ENTROPY_500KB.json,LOW_ENTROPY,500,LZW,14,63.687500,0.618000,512000,12844,39.862971
DS_LOW_ENTROPY_500KB.json,LOW_ENTROPY,500,LZW,15,62.172700,0.614400,512000,12844,39.862971
DS_LOW_ENTROPY_500KB.json,LOW_ENTROPY,500,LZW,16,62.971100,0.631000,512000,12844,39.862971
DS_LOW_ENTROPY_500KB.json,LOW_ENTROPY,500,LZW,17,60.978800,0.999600,512000,12844,39.862971
DS_LOW_ENTROPY_500KB.json,LOW_ENTROPY,500,LZW,18,65.793500,0.788300,512000,12844,39.862971
DS_LOW_ENTROPY_500KB.json,LOW_ENTROPY,500,LZW,19,63.301000,0.779700,512000,12844,39.862971
DS_LOW_ENTROPY_500KB.json,LOW_ENTROPY,500,LZW,20,60.460700,0.600000,512000,12844,39.862971
DS_LOW_ENTROPY_500KB.json,LOW_ENTROPY,500,LZW,21,60.090300,0.680800,512000,12844,39.862971
DS_LOW_ENTROPY_500KB.json,LOW_ENTROPY,500,LZW,22,64.107700,0.633600,512000,12844,39.862971
DS_LOW_ENTROPY_500KB.json,LOW_ENTROPY,500,LZW,23,67.189400,0.635900,512000,12844,39.862971
DS_LOW_ENTROPY_500KB.json,LOW_ENTROPY,500,LZW,24,62.941000,1.132100,512000,12844,39.862971
DS_LOW_ENTROPY_500KB.json,LOW_ENTROPY,500,LZW,25,63.555500,0.870000,512000,12844,39.862971
DS_LOW_ENTROPY_500KB.json,LOW_ENTROPY,500,LZW,26,60.867600,0.685400,512000,12844,39.862971
DS_LOW_ENTROPY_500KB.json,LOW_ENTROPY,500,LZW,27,65.391500,0.627900,512000,12844,39.862971
DS_LOW_ENTROPY_500KB.json,LOW_ENTROPY,500,LZW,28,65.996700,0.839600,512000,12844,39.862971
DS_LOW_ENTROPY_500KB.json,LOW_ENTROPY,500,LZW,29,61.975100,0.713900,512000,12844,39.862971
DS_LOW_ENTROPY_500KB.json,LOW_ENTROPY,500,LZW,30,57.419500,0.614700,512000,12844,39.862971
DS_LOW_ENTROPY_1MB.json,LOW_ENTROPY,1024,Huffman,1,25.815400,8.629000,1048576,263190,3.984103
DS_LOW_ENTROPY_1MB.json,LOW_ENTROPY,1024,Huffman,2,23.722200,11.435700,1048576,263190,3.984103
DS_LOW_ENTROPY_1MB.json,LOW_ENTROPY,1024,Huffman,3,25.643300,7.514600,1048576,263190,3.984103
DS_LOW_ENTROPY_1MB.json,LOW_ENTROPY,1024,Huffman,4,19.075400,7.798000,1048576,263190,3.984103
DS_LOW_ENTROPY_1MB.json,LOW_ENTROPY,1024,Huffman,5,24.878700,7.851700,1048576,263190,3.984103
DS_LOW_ENTROPY_1MB.json,LOW_ENTROPY,1024,Huffman,6,25.019400,7.798600,1048576,263190,3.984103
DS_LOW_ENTROPY_1MB.json,LOW_ENTROPY,1024,Huffman,7,18.056300,10.338800,1048576,263190,3.984103
DS_LOW_ENTROPY_1MB.json,LOW_ENTROPY,1024,Huffman,8,23.019600,9.716400,1048576,263190,3.984103
DS_LOW_ENTROPY_1MB.json,LOW_ENTROPY,1024,Huffman,9,15.921600,10.504300,1048576,263190,3.984103
DS_LOW_ENTROPY_1MB.json,LOW_ENTROPY,1024,Huffman,10,17.563600,10.240600,1048576,263190,3.984103
DS_LOW_ENTROPY_1MB.json,LOW_ENTROPY,1024,Huffman,11,22.759000,10.621000,1048576,263190,3.984103
DS_LOW_ENTROPY_1MB.json,LOW_ENTROPY,1024,Huffman,12,15.794200,13.139800,1048576,263190,3.984103
DS_LOW_ENTROPY_1MB.json,LOW_ENTROPY,1024,Huffman,13,25.637700,8.048800,1048576,263190,3.984103
DS_LOW_ENTROPY_1MB.json,LOW_ENTROPY,1024,Huffman,14,24.961000,8.858000,1048576,263190,3.984103
DS_LOW_ENTROPY_1MB.json,LOW_ENTROPY,1024,Huffman,15,25.485500,9.569700,1048576,263190,3.984103
DS_LOW_ENTROPY_1MB.json,LOW_ENTROPY,1024,Huffman,16,18.758000,7.952200,1048576,263190,3.984103
DS_LOW_ENTROPY_1MB.json,LOW_ENTROPY,1024,Huffman,17,26.327300,7.514200,1048576,263190,3.984103
DS_LOW_ENTROPY_1MB.json,LOW_ENTROPY,1024,Huffman,18,25.600300,11.010500,1048576,263190,3.984103
DS_LOW_ENTROPY_1MB.json,LOW_ENTROPY,1024,Huffman,19,28.802400,7.742400,1048576,263190,3.984103
DS_LOW_ENTROPY_1MB.json,LOW_ENTROPY,1024,Huffman,20,18.371500,7.981900,1048576,263190,3.984103
DS_LOW_ENTROPY_1MB.json,LOW_ENTROPY,1024,Huffman,21,22.863300,7.511500,1048576,263190,3.984103
DS_LOW_ENTROPY_1MB.json,LOW_ENTROPY,1024,Huffman,22,22.415300,9.337700,1048576,263190,3.984103
DS_LOW_ENTROPY_1MB.json,LOW_ENTROPY,1024,Huffman,23,23.306400,8.474800,1048576,263190,3.984103
DS_LOW_ENTROPY_1MB.json,LOW_ENTROPY,1024,Huffman,24,18.435100,7.865600,1048576,263190,3.984103
DS_LOW_ENTROPY_1MB.json,LOW_ENTROPY,1024,Huffman,25,27.100300,7.589000,1048576,263190,3.984103
DS_LOW_ENTROPY_1MB.json,LOW_ENTROPY,1024,Huffman,26,24.623500,9.336300,1048576,263190,3.984103
DS_LOW_ENTROPY_1MB.json,LOW_ENTROPY,1024,Huffman,27,26.540500,7.829900,1048576,263190,3.984103
DS_LOW_ENTROPY_1MB.json,LOW_ENTROPY,1024,Huffman,28,20.259200,8.445200,1048576,263190,3.984103
DS_LOW_ENTROPY_1MB.json,LOW_ENTROPY,1024,Huffman,29,22.127600,8.906200,1048576,263190,3.984103
DS_LOW_ENTROPY_1MB.json,LOW_ENTROPY,1024,Huffman,30,23.830800,11.228700,1048576,263190,3.984103
DS_LOW_ENTROPY_1MB.json,LOW_ENTROPY,1024,LZW,1,139.162200,1.604300,1048576,18648,56.229944
DS_LOW_ENTROPY_1MB.json,LOW_ENTROPY,1024,LZW,2,139.499000,1.589000,1048576,18648,56.229944
DS_LOW_ENTROPY_1MB.json,LOW_ENTROPY,1024,LZW,3,136.846100,1.905100,1048576,18648,56.229944
DS_LOW_ENTROPY_1MB.json,LOW_ENTROPY,1024,LZW,4,136.597800,2.092200,1048576,18648,56.229944
DS_LOW_ENTROPY_1MB.json,LOW_ENTROPY,1024,LZW,5,138.757900,1.933800,1048576,18648,56.229944
DS_LOW_ENTROPY_1MB.json,LOW_ENTROPY,1024,LZW,6,139.817500,2.276000,1048576,18648,56.229944
DS_LOW_ENTROPY_1MB.json,LOW_ENTROPY,1024,LZW,7,188.667400,1.759000,1048576,18648,56.229944
DS_LOW_ENTROPY_1MB.json,LOW_ENTROPY,1024,LZW,8,139.857800,1.593800,1048576,18648,56.229944
DS_LOW_ENTROPY_1MB.json,LOW_ENTROPY,1024,LZW,9,148.757500,1.769700,1048576,18648,56.229944
DS_LOW_ENTROPY_1MB.json,LOW_ENTROPY,1024,LZW,10,136.671200,2.010300,1048576,18648,56.229944
DS_LOW_ENTROPY_1MB.json,LOW_ENTROPY,1024,LZW,11,143.732000,1.580800,1048576,18648,56.229944
DS_LOW_ENTROPY_1MB.json,LOW_ENTROPY,1024,LZW,12,141.467500,1.687800,1048576,18648,56.229944
DS_LOW_ENTROPY_1MB.json,LOW_ENTROPY,1024,LZW,13,144.143100,2.105900,1048576,18648,56.229944
DS_LOW_ENTROPY_1MB.json,LOW_ENTROPY,1024,LZW,14,137.330900,2.007700,1048576,18648,56.229944
DS_LOW_ENTROPY_1MB.json,LOW_ENTROPY,1024,LZW,15,143.228200,1.926700,1048576,18648,56.229944
DS_LOW_ENTROPY_1MB.json,LOW_ENTROPY,1024,LZW,16,139.258300,2.013900,1048576,18648,56.229944
DS_LOW_ENTROPY_1MB.json,LOW_ENTROPY,1024,LZW,17,140.204400,2.078900,1048576,18648,56.229944
DS_LOW_ENTROPY_1MB.json,LOW_ENTROPY,1024,LZW,18,151.501200,1.633400,1048576,18648,56.229944
DS_LOW_ENTROPY_1MB.json,LOW_ENTROPY,1024,LZW,19,138.971500,1.760700,1048576,18648,56.229944
DS_LOW_ENTROPY_1MB.json,LOW_ENTROPY,1024,LZW,20,142.893900,2.082300,1048576,18648,56.229944
DS_LOW_ENTROPY_1MB.json,LOW_ENTROPY,1024,LZW,21,140.652500,2.231600,1048576,18648,56.229944
DS_LOW_ENTROPY_1MB.json,LOW_ENTROPY,1024,LZW,22,134.794100,1.930100,1048576,18648,56.229944
DS_LOW_ENTROPY_1MB.json,LOW_ENTROPY,1024,LZW,23,136.316800,1.933000,1048576,18648,56.229944
DS_LOW_ENTROPY_1MB.json,LOW_ENTROPY,1024,LZW,24,141.586600,2.820300,1048576,18648,56.229944
DS_LOW_ENTROPY_1MB.json,LOW_ENTROPY,1024,LZW,25,143.942900,1.527400,1048576,18648,56.229944
DS_LOW_ENTROPY_1MB.json,LOW_ENTROPY,1024,LZW,26,136.469100,1.949400,1048576,18648,56.229944
DS_LOW_ENTROPY_1MB.json,LOW_ENTROPY,1024,LZW,27,136.905800,2.024200,1048576,18648,56.229944
DS_LOW_ENTROPY_1MB.json,LOW_ENTROPY,1024,LZW,28,140.713600,1.822100,1048576,18648,56.229944
DS_LOW_ENTROPY_1MB.json,LOW_ENTROPY,1024,LZW,29,142.235100,1.945000,1048576,18648,56.229944
DS_LOW_ENTROPY_1MB.json,LOW_ENTROPY,1024,LZW,30,137.090500,1.589600,1048576,18648,56.229944
DS_LOW_ENTROPY_5MB.json,LOW_ENTROPY,5120,Huffman,1,90.266100,54.727700,5242880,1311766,3.996810
DS_LOW_ENTROPY_5MB.json,LOW_ENTROPY,5120,Huffman,2,82.169000,37.634000,5242880,1311766,3.996810
DS_LOW_ENTROPY_5MB.json,LOW_ENTROPY,5120,Huffman,3,92.397300,38.679500,5242880,1311766,3.996810
DS_LOW_ENTROPY_5MB.json,LOW_ENTROPY,5120,Huffman,4,85.135000,38.751200,5242880,1311766,3.996810
DS_LOW_ENTROPY_5MB.json,LOW_ENTROPY,5120,Huffman,5,84.523100,39.950000,5242880,1311766,3.996810
DS_LOW_ENTROPY_5MB.json,LOW_ENTROPY,5120,Huffman,6,85.772100,38.547800,5242880,1311766,3.996810
DS_LOW_ENTROPY_5MB.json,LOW_ENTROPY,5120,Huffman,7,90.299300,40.331600,5242880,1311766,3.996810
DS_LOW_ENTROPY_5MB.json,LOW_ENTROPY,5120,Huffman,8,87.468200,38.543000,5242880,1311766,3.996810
DS_LOW_ENTROPY_5MB.json,LOW_ENTROPY,5120,Huffman,9,88.622900,38.090900,5242880,1311766,3.996810
DS_LOW_ENTROPY_5MB.json,LOW_ENTROPY,5120,Huffman,10,93.754500,39.228400,5242880,1311766,3.996810
DS_LOW_ENTROPY_5MB.json,LOW_ENTROPY,5120,Huffman,11,81.753200,40.353300,5242880,1311766,3.996810
DS_LOW_ENTROPY_5MB.json,LOW_ENTROPY,5120,Huffman,12,98.331400,40.930600,5242880,1311766,3.996810
DS_LOW_ENTROPY_5MB.json,LOW_ENTROPY,5120,Huffman,13,87.382800,36.709700,5242880,1311766,3.996810
DS_LOW_ENTROPY_5MB.json,LOW_ENTROPY,5120,Huffman,14,80.140200,37.294600,5242880,1311766,3.996810
DS_LOW_ENTROPY_5MB.json,LOW_ENTROPY,5120,Huffman,15,85.750400,37.274500,5242880,1311766,3.996810
DS_LOW_ENTROPY_5MB.json,LOW_ENTROPY,5120,Huffman,16,86.998900,36.843400,5242880,1311766,3.996810
DS_LOW_ENTROPY_5MB.json,LOW_ENTROPY,5120,Huffman,17,81.603000,39.232600,5242880,1311766,3.996810
DS_LOW_ENTROPY_5MB.json,LOW_ENTROPY,5120,Huffman,18,83.072700,37.812100,5242880,1311766,3.996810
DS_LOW_ENTROPY_5MB.json,LOW_ENTROPY,5120,Huffman,19,86.753400,36.640100,5242880,1311766,3.996810
DS_LOW_ENTROPY_5MB.json,LOW_ENTROPY,5120,Huffman,20,80.963600,40.926500,5242880,1311766,3.996810
DS_LOW_ENTROPY_5MB.json,LOW_ENTROPY,5120,Huffman,21,87.233700,38.137200,5242880,1311766,3.996810
DS_LOW_ENTROPY_5MB.json,LOW_ENTROPY,5120,Huffman,22,93.988900,37.149900,5242880,1311766,3.996810
DS_LOW_ENTROPY_5MB.json,LOW_ENTROPY,5120,Huffman,23,79.355500,39.061000,5242880,1311766,3.996810
DS_LOW_ENTROPY_5MB.json,LOW_ENTROPY,5120,Huffman,24,85.320400,37.365700,5242880,1311766,3.996810
DS_LOW_ENTROPY_5MB.json,LOW_ENTROPY,5120,Huffman,25,93.476200,37.612800,5242880,1311766,3.996810
DS_LOW_ENTROPY_5MB.json,LOW_ENTROPY,5120,Huffman,26,81.352000,39.142100,5242880,1311766,3.996810
DS_LOW_ENTROPY_5MB.json,LOW_ENTROPY,5120,Huffman,27,87.900200,37.255000,5242880,1311766,3.996810
DS_LOW_ENTROPY_5MB.json,LOW_ENTROPY,5120,Huffman,28,89.266300,36.913000,5242880,1311766,3.996810
DS_LOW_ENTROPY_5MB.json,LOW_ENTROPY,5120,Huffman,29,82.155200,40.580500,5242880,1311766,3.996810
DS_LOW_ENTROPY_5MB.json,LOW_ENTROPY,5120,Huffman,30,85.722300,39.806500,5242880,1311766,3.996810
DS_LOW_ENTROPY_5MB.json,LOW_ENTROPY,5120,LZW,1,680.214000,5.089100,5242880,62340,84.101380
DS_LOW_ENTROPY_5MB.json,LOW_ENTROPY,5120,LZW,2,651.824100,4.488500,5242880,62340,84.101380
DS_LOW_ENTROPY_5MB.json,LOW_ENTROPY,5120,LZW,3,662.535900,6.261700,5242880,62340,84.101380
DS_LOW_ENTROPY_5MB.json,LOW_ENTROPY,5120,LZW,4,719.558100,6.041600,5242880,62340,84.101380
DS_LOW_ENTROPY_5MB.json,LOW_ENTROPY,5120,LZW,5,698.565700,5.309200,5242880,62340,84.101380
DS_LOW_ENTROPY_5MB.json,LOW_ENTROPY,5120,LZW,6,693.712000,4.677200,5242880,62340,84.101380
DS_LOW_ENTROPY_5MB.json,LOW_ENTROPY,5120,LZW,7,718.025300,4.949500,5242880,62340,84.101380
DS_LOW_ENTROPY_5MB.json,LOW_ENTROPY,5120,LZW,8,756.537000,4.838700,5242880,62340,84.101380
DS_LOW_ENTROPY_5MB.json,LOW_ENTROPY,5120,LZW,9,811.067500,5.665000,5242880,62340,84.101380
DS_LOW_ENTROPY_5MB.json,LOW_ENTROPY,5120,LZW,10,955.091700,7.530400,5242880,62340,84.101380
DS_LOW_ENTROPY_5MB.json,LOW_ENTROPY,5120,LZW,11,850.643800,6.036700,5242880,62340,84.101380
DS_LOW_ENTROPY_5MB.json,LOW_ENTROPY,5120,LZW,12,901.133000,5.740400,5242880,62340,84.101380
DS_LOW_ENTROPY_5MB.json,LOW_ENTROPY,5120,LZW,13,961.099100,5.755000,5242880,62340,84.101380
DS_LOW_ENTROPY_5MB.json,LOW_ENTROPY,5120,LZW,14,884.620800,15.530600,5242880,62340,84.101380
DS_LOW_ENTROPY_5MB.json,LOW_ENTROPY,5120,LZW,15,991.965700,7.604500,5242880,62340,84.101380
DS_LOW_ENTROPY_5MB.json,LOW_ENTROPY,5120,LZW,16,1053.470800,7.318700,5242880,62340,84.101380
DS_LOW_ENTROPY_5MB.json,LOW_ENTROPY,5120,LZW,17,887.828800,7.177500,5242880,62340,84.101380
DS_LOW_ENTROPY_5MB.json,LOW_ENTROPY,5120,LZW,18,754.614900,5.720800,5242880,62340,84.101380
DS_LOW_ENTROPY_5MB.json,LOW_ENTROPY,5120,LZW,19,856.574200,6.175200,5242880,62340,84.101380
DS_LOW_ENTROPY_5MB.json,LOW_ENTROPY,5120,LZW,20,832.692600,6.490200,5242880,62340,84.101380
DS_LOW_ENTROPY_5MB.json,LOW_ENTROPY,5120,LZW,21,825.905100,5.399600,5242880,62340,84.101380
DS_LOW_ENTROPY_5MB.json,LOW_ENTROPY,5120,LZW,22,825.719000,6.742600,5242880,62340,84.101380
DS_LOW_ENTROPY_5MB.json,LOW_ENTROPY,5120,LZW,23,851.589200,8.650200,5242880,62340,84.101380
DS_LOW_ENTROPY_5MB.json,LOW_ENTROPY,5120,LZW,24,851.810300,6.124300,5242880,62340,84.101380
DS_LOW_ENTROPY_5MB.json,LOW_ENTROPY,5120,LZW,25,808.272400,5.367200,5242880,62340,84.101380
DS_LOW_ENTROPY_5MB.json,LOW_ENTROPY,5120,LZW,26,777.230700,4.968400,5242880,62340,84.101380
DS_LOW_ENTROPY_5MB.json,LOW_ENTROPY,5120,LZW,27,731.298200,4.963300,5242880,62340,84.101380
DS_LOW_ENTROPY_5MB.json,LOW_ENTROPY,5120,LZW,28,685.101800,5.722900,5242880,62340,84.101380
DS_LOW_ENTROPY_5MB.json,LOW_ENTROPY,5120,LZW,29,808.329900,9.089600,5242880,62340,84.101380
DS_LOW_ENTROPY_5MB.json,LOW_ENTROPY,5120,LZW,30,905.237400,6.125100,5242880,62340,84.101380
DS_MEDIUM_ENTROPY_1KB.json,MEDIUM_ENTROPY,1,Huffman,1,0.135700,0.062900,1042,1607,0.648413
DS_MEDIUM_ENTROPY_1KB.json,MEDIUM_ENTROPY,1,Huffman,2,0.182800,0.074200,1042,1607,0.648413
DS_MEDIUM_ENTROPY_1KB.json,MEDIUM_ENTROPY,1,Huffman,3,0.137400,0.066100,1042,1607,0.648413
DS_MEDIUM_ENTROPY_1KB.json,MEDIUM_ENTROPY,1,Huffman,4,0.190800,0.100100,1042,1607,0.648413
DS_MEDIUM_ENTROPY_1KB.json,MEDIUM_ENTROPY,1,Huffman,5,0.214100,0.123600,1042,1607,0.648413
DS_MEDIUM_ENTROPY_1KB.json,MEDIUM_ENTROPY,1,Huffman,6,0.140900,0.067900,1042,1607,0.648413
DS_MEDIUM_ENTROPY_1KB.json,MEDIUM_ENTROPY,1,Huffman,7,0.154100,0.069800,1042,1607,0.648413
DS_MEDIUM_ENTROPY_1KB.json,MEDIUM_ENTROPY,1,Huffman,8,0.150000,0.064500,1042,1607,0.648413
DS_MEDIUM_ENTROPY_1KB.json,MEDIUM_ENTROPY,1,Huffman,9,0.146300,0.064700,1042,1607,0.648413
DS_MEDIUM_ENTROPY_1KB.json,MEDIUM_ENTROPY,1,Huffman,10,0.170800,0.077100,1042,1607,0.648413
DS_MEDIUM_ENTROPY_1KB.json,MEDIUM_ENTROPY,1,Huffman,11,0.312300,0.094300,1042,1607,0.648413
DS_MEDIUM_ENTROPY_1KB.json,MEDIUM_ENTROPY,1,Huffman,12,0.291000,0.082300,1042,1607,0.648413
DS_MEDIUM_ENTROPY_1KB.json,MEDIUM_ENTROPY,1,Huffman,13,0.144200,0.066500,1042,1607,0.648413
DS_MEDIUM_ENTROPY_1KB.json,MEDIUM_ENTROPY,1,Huffman,14,0.134000,0.080800,1042,1607,0.648413
DS_MEDIUM_ENTROPY_1KB.json,MEDIUM_ENTROPY,1,Huffman,15,0.211600,0.106300,1042,1607,0.648413
DS_MEDIUM_ENTROPY_1KB.json,MEDIUM_ENTROPY,1,Huffman,16,0.175000,0.077100,1042,1607,0.648413
DS_MEDIUM_ENTROPY_1KB.json,MEDIUM_ENTROPY,1,Huffman,17,0.159500,0.072200,1042,1607,0.648413
DS_MEDIUM_ENTROPY_1KB.json,MEDIUM_ENTROPY,1,Huffman,18,0.233100,0.113600,1042,1607,0.648413
DS_MEDIUM_ENTROPY_1KB.json,MEDIUM_ENTROPY,1,Huffman,19,0.137100,0.064000,1042,1607,0.648413
DS_MEDIUM_ENTROPY_1KB.json,MEDIUM_ENTROPY,1,Huffman,20,0.134900,0.064000,1042,1607,0.648413
DS_MEDIUM_ENTROPY_1KB.json,MEDIUM_ENTROPY,1,Huffman,21,0.261600,0.110300,1042,1607,0.648413
DS_MEDIUM_ENTROPY_1KB.json,MEDIUM_ENTROPY,1,Huffman,22,0.141300,0.066400,1042,1607,0.648413
DS_MEDIUM_ENTROPY_1KB.json,MEDIUM_ENTROPY,1,Huffman,23,0.137200,0.069000,1042,1607,0.648413
DS_MEDIUM_ENTROPY_1KB.json,MEDIUM_ENTROPY,1,Huffman,24,0.315600,0.139500,1042,1607,0.648413
DS_MEDIUM_ENTROPY_1KB.json,MEDIUM_ENTROPY,1,Huffman,25,0.145800,0.072300,1042,1607,0.648413
DS_MEDIUM_ENTROPY_1KB.json,MEDIUM_ENTROPY,1,Huffman,26,0.182100,0.088600,1042,1607,0.648413
DS_MEDIUM_ENTROPY_1KB.json,MEDIUM_ENTROPY,1,Huffman,27,0.134300,0.065100,1042,1607,0.648413
DS_MEDIUM_ENTROPY_1KB.json,MEDIUM_ENTROPY,1,Huffman,28,0.236500,0.105800,1042,1607,0.648413
DS_MEDIUM_ENTROPY_1KB.json,MEDIUM_ENTROPY,1,Huffman,29,0.283000,0.151900,1042,1607,0.648413
DS_MEDIUM_ENTROPY_1KB.json,MEDIUM_ENTROPY,1,Huffman,30,0.145900,0.073000,1042,1607,0.648413
DS_MEDIUM_ENTROPY_1KB.json,MEDIUM_ENTROPY,1,LZW,1,0.124900,0.055600,1042,1624,0.641626
DS_MEDIUM_ENTROPY_1KB.json,MEDIUM_ENTROPY,1,LZW,2,0.203200,0.090400,1042,1624,0.641626
DS_MEDIUM_ENTROPY_1KB.json,MEDIUM_ENTROPY,1,LZW,3,0.175000,0.072100,1042,1624,0.641626
DS_MEDIUM_ENTROPY_1KB.json,MEDIUM_ENTROPY,1,LZW,4,0.170400,0.070200,1042,1624,0.641626
DS_MEDIUM_ENTROPY_1KB.json,MEDIUM_ENTROPY,1,LZW,5,0.154600,0.067500,1042,1624,0.641626
DS_MEDIUM_ENTROPY_1KB.json,MEDIUM_ENTROPY,1,LZW,6,0.153600,0.060000,1042,1624,0.641626
DS_MEDIUM_ENTROPY_1KB.json,MEDIUM_ENTROPY,1,LZW,7,0.123100,0.057100,1042,1624,0.641626
DS_MEDIUM_ENTROPY_1KB.json,MEDIUM_ENTROPY,1,LZW,8,0.124700,0.053000,1042,1624,0.641626
DS_MEDIUM_ENTROPY_1KB.json,MEDIUM_ENTROPY,1,LZW,9,0.157300,0.070600,1042,1624,0.641626
DS_MEDIUM_ENTROPY_1KB.json,MEDIUM_ENTROPY,1,LZW,10,0.123600,0.053200,1042,1624,0.641626
DS_MEDIUM_ENTROPY_1KB.json,MEDIUM_ENTROPY,1,LZW,11,0.127800,0.052400,1042,1624,0.641626
DS_MEDIUM_ENTROPY_1KB.json,MEDIUM_ENTROPY,1,LZW,12,0.125100,0.052400,1042,1624,0.641626
DS_MEDIUM_ENTROPY_1KB.json,MEDIUM_ENTROPY,1,LZW,13,0.212600,0.088900,1042,1624,0.641626
DS_MEDIUM_ENTROPY_1KB.json,MEDIUM_ENTROPY,1,LZW,14,0.144800,0.064700,1042,1624,0.641626
DS_MEDIUM_ENTROPY_1KB.json,MEDIUM_ENTROPY,1,LZW,15,0.129700,0.054400,1042,1624,0.641626
DS_MEDIUM_ENTROPY_1KB.json,MEDIUM_ENTROPY,1,LZW,16,0.146100,0.053100,1042,1624,0.641626
DS_MEDIUM_ENTROPY_1KB.json,MEDIUM_ENTROPY,1,LZW,17,0.126100,0.053700,1042,1624,0.641626
DS_MEDIUM_ENTROPY_1KB.json,MEDIUM_ENTROPY,1,LZW,18,0.152900,0.054600,1042,1624,0.641626
DS_MEDIUM_ENTROPY_1KB.json,MEDIUM_ENTROPY,1,LZW,19,0.137000,0.051800,1042,1624,0.641626
DS_MEDIUM_ENTROPY_1KB.json,MEDIUM_ENTROPY,1,LZW,20,0.151400,0.076200,1042,1624,0.641626
DS_MEDIUM_ENTROPY_1KB.json,MEDIUM_ENTROPY,1,LZW,21,0.155000,0.069700,1042,1624,0.641626
DS_MEDIUM_ENTROPY_1KB.json,MEDIUM_ENTROPY,1,LZW,22,0.218400,0.093300,1042,1624,0.641626
DS_MEDIUM_ENTROPY_1KB.json,MEDIUM_ENTROPY,1,LZW,23,0.154800,0.070500,1042,1624,0.641626
DS_MEDIUM_ENTROPY_1KB.json,MEDIUM_ENTROPY,1,LZW,24,0.163000,0.075800,1042,1624,0.641626
DS_MEDIUM_ENTROPY_1KB.json,MEDIUM_ENTROPY,1,LZW,25,0.183700,0.072200,1042,1624,0.641626
DS_MEDIUM_ENTROPY_1KB.json,MEDIUM_ENTROPY,1,LZW,26,0.130800,0.054200,1042,1624,0.641626
DS_MEDIUM_ENTROPY_1KB.json,MEDIUM_ENTROPY,1,LZW,27,0.140200,0.066800,1042,1624,0.641626
DS_MEDIUM_ENTROPY_1KB.json,MEDIUM_ENTROPY,1,LZW,28,0.131600,0.054200,1042,1624,0.641626
DS_MEDIUM_ENTROPY_1KB.json,MEDIUM_ENTROPY,1,LZW,29,0.146000,0.060700,1042,1624,0.641626
DS_MEDIUM_ENTROPY_1KB.json,MEDIUM_ENTROPY,1,LZW,30,0.124600,0.051400,1042,1624,0.641626
DS_MEDIUM_ENTROPY_2KB.json,MEDIUM_ENTROPY,2,Huffman,1,0.203200,0.087600,2062,2172,0.949355
DS_MEDIUM_ENTROPY_2KB.json,MEDIUM_ENTROPY,2,Huffman,2,0.196700,0.108200,2062,2172,0.949355
DS_MEDIUM_ENTROPY_2KB.json,MEDIUM_ENTROPY,2,Huffman,3,0.200700,0.089300,2062,2172,0.949355
DS_MEDIUM_ENTROPY_2KB.json,MEDIUM_ENTROPY,2,Huffman,4,0.174300,0.090600,2062,2172,0.949355
DS_MEDIUM_ENTROPY_2KB.json,MEDIUM_ENTROPY,2,Huffman,5,0.277800,0.106800,2062,2172,0.949355
DS_MEDIUM_ENTROPY_2KB.json,MEDIUM_ENTROPY,2,Huffman,6,0.179100,0.076300,2062,2172,0.949355
DS_MEDIUM_ENTROPY_2KB.json,MEDIUM_ENTROPY,2,Huffman,7,0.280400,0.128400,2062,2172,0.949355
DS_MEDIUM_ENTROPY_2KB.json,MEDIUM_ENTROPY,2,Huffman,8,0.179300,0.075900,2062,2172,0.949355
DS_MEDIUM_ENTROPY_2KB.json,MEDIUM_ENTROPY,2,Huffman,9,0.177100,0.077300,2062,2172,0.949355
DS_MEDIUM_ENTROPY_2KB.json,MEDIUM_ENTROPY,2,Huffman,10,0.219900,0.105800,2062,2172,0.949355
DS_MEDIUM_ENTROPY_2KB.json,MEDIUM_ENTROPY,2,Huffman,11,0.220700,0.106600,2062,2172,0.949355
DS_MEDIUM_ENTROPY_2KB.json,MEDIUM_ENTROPY,2,Huffman,12,0.217500,0.112200,2062,2172,0.949355
DS_MEDIUM_ENTROPY_2KB.json,MEDIUM_ENTROPY,2,Huffman,13,0.184200,0.078800,2062,2172,0.949355
DS_MEDIUM_ENTROPY_2KB.json,MEDIUM_ENTROPY,2,Huffman,14,0.266200,0.106300,2062,2172,0.949355
DS_MEDIUM_ENTROPY_2KB.json,MEDIUM_ENTROPY,2,Huffman,15,0.178500,0.077400,2062,2172,0.949355
DS_MEDIUM_ENTROPY_2KB.json,MEDIUM_ENTROPY,2,Huffman,16,0.171300,0.078400,2062,2172,0.949355
DS_MEDIUM_ENTROPY_2KB.json,MEDIUM_ENTROPY,2,Huffman,17,0.178300,0.080300,2062,2172,0.949355
DS_MEDIUM_ENTROPY_2KB.json,MEDIUM_ENTROPY,2,Huffman,18,0.232100,0.112100,2062,2172,0.949355
DS_MEDIUM_ENTROPY_2KB.json,MEDIUM_ENTROPY,2,Huffman,19,0.230600,0.121100,2062,2172,0.949355
DS_MEDIUM_ENTROPY_2KB.json,MEDIUM_ENTROPY,2,Huffman,20,0.215000,0.080300,2062,2172,0.949355
DS_MEDIUM_ENTROPY_2KB.json,MEDIUM_ENTROPY,2,Huffman,21,0.212200,0.092200,2062,2172,0.949355
DS_MEDIUM_ENTROPY_2KB.json,MEDIUM_ENTROPY,2,Huffman,22,0.186000,0.101600,2062,2172,0.949355
DS_MEDIUM_ENTROPY_2KB.json,MEDIUM_ENTROPY,2,Huffman,23,0.216600,0.120400,2062,2172,0.949355
DS_MEDIUM_ENTROPY_2KB.json,MEDIUM_ENTROPY,2,Huffman,24,0.173800,0.079200,2062,2172,0.949355
DS_MEDIUM_ENTROPY_2KB.json,MEDIUM_ENTROPY,2,Huffman,25,0.219100,0.113000,2062,2172,0.949355
DS_MEDIUM_ENTROPY_2KB.json,MEDIUM_ENTROPY,2,Huffman,26,0.212000,0.077700,2062,2172,0.949355
DS_MEDIUM_ENTROPY_2KB.json,MEDIUM_ENTROPY,2,Huffman,27,0.222300,0.107400,2062,2172,0.949355
DS_MEDIUM_ENTROPY_2KB.json,MEDIUM_ENTROPY,2,Huffman,28,0.251700,0.113900,2062,2172,0.949355
DS_MEDIUM_ENTROPY_2KB.json,MEDIUM_ENTROPY,2,Huffman,29,0.164700,0.077200,2062,2172,0.949355
DS_MEDIUM_ENTROPY_2KB.json,MEDIUM_ENTROPY,2,Huffman,30,0.274000,0.128100,2062,2172,0.949355
DS_MEDIUM_ENTROPY_2KB.json,MEDIUM_ENTROPY,2,LZW,1,0.231000,0.129600,2062,2524,0.816957
DS_MEDIUM_ENTROPY_2KB.json,MEDIUM_ENTROPY,2,LZW,2,0.234300,0.095800,2062,2524,0.816957
DS_MEDIUM_ENTROPY_2KB.json,MEDIUM_ENTROPY,2,LZW,3,0.200600,0.069600,2062,2524,0.816957
DS_MEDIUM_ENTROPY_2KB.json,MEDIUM_ENTROPY,2,LZW,4,0.196200,0.071000,2062,2524,0.816957
DS_MEDIUM_ENTROPY_2KB.json,MEDIUM_ENTROPY,2,LZW,5,0.293700,0.082300,2062,2524,0.816957
DS_MEDIUM_ENTROPY_2KB.json,MEDIUM_ENTROPY,2,LZW,6,0.197600,0.069500,2062,2524,0.816957
DS_MEDIUM_ENTROPY_2KB.json,MEDIUM_ENTROPY,2,LZW,7,0.247300,0.099000,2062,2524,0.816957
DS_MEDIUM_ENTROPY_2KB.json,MEDIUM_ENTROPY,2,LZW,8,0.254700,0.119200,2062,2524,0.816957
DS_MEDIUM_ENTROPY_2KB.json,MEDIUM_ENTROPY,2,LZW,9,0.205000,0.070600,2062,2524,0.816957
DS_MEDIUM_ENTROPY_2KB.json,MEDIUM_ENTROPY,2,LZW,10,0.400800,0.098900,2062,2524,0.816957
DS_MEDIUM_ENTROPY_2KB.json,MEDIUM_ENTROPY,2,LZW,11,0.263000,0.083900,2062,2524,0.816957
DS_MEDIUM_ENTROPY_2KB.json,MEDIUM_ENTROPY,2,LZW,12,0.200900,0.075800,2062,2524,0.816957
DS_MEDIUM_ENTROPY_2KB.json,MEDIUM_ENTROPY,2,LZW,13,0.274200,0.102600,2062,2524,0.816957
DS_MEDIUM_ENTROPY_2KB.json,MEDIUM_ENTROPY,2,LZW,14,0.268600,0.103900,2062,2524,0.816957
DS_MEDIUM_ENTROPY_2KB.json,MEDIUM_ENTROPY,2,LZW,15,0.198600,0.070100,2062,2524,0.816957
DS_MEDIUM_ENTROPY_2KB.json,MEDIUM_ENTROPY,2,LZW,16,0.193500,0.070300,2062,2524,0.816957
DS_MEDIUM_ENTROPY_2KB.json,MEDIUM_ENTROPY,2,LZW,17,0.194600,0.070900,2062,2524,0.816957
DS_MEDIUM_ENTROPY_2KB.json,MEDIUM_ENTROPY,2,LZW,18,0.330100,0.120700,2062,2524,0.816957
DS_MEDIUM_ENTROPY_2KB.json,MEDIUM_ENTROPY,2,LZW,19,0.194100,0.069800,2062,2524,0.816957
DS_MEDIUM_ENTROPY_2KB.json,MEDIUM_ENTROPY,2,LZW,20,0.199100,0.071200,2062,2524,0.816957
DS_MEDIUM_ENTROPY_2KB.json,MEDIUM_ENTROPY,2,LZW,21,0.254600,0.077100,2062,2524,0.816957
DS_MEDIUM_ENTROPY_2KB.json,MEDIUM_ENTROPY,2,LZW,22,0.222300,0.086100,2062,2524,0.816957
DS_MEDIUM_ENTROPY_2KB.json,MEDIUM_ENTROPY,2,LZW,23,0.232100,0.082300,2062,2524,0.816957
DS_MEDIUM_ENTROPY_2KB.json,MEDIUM_ENTROPY,2,LZW,24,0.197900,0.069100,2062,2524,0.816957
DS_MEDIUM_ENTROPY_2KB.json,MEDIUM_ENTROPY,2,LZW,25,0.336700,0.093100,2062,2524,0.816957
DS_MEDIUM_ENTROPY_2KB.json,MEDIUM_ENTROPY,2,LZW,26,0.218500,0.072200,2062,2524,0.816957
DS_MEDIUM_ENTROPY_2KB.json,MEDIUM_ENTROPY,2,LZW,27,0.242700,0.088700,2062,2524,0.816957
DS_MEDIUM_ENTROPY_2KB.json,MEDIUM_ENTROPY,2,LZW,28,0.289900,0.103900,2062,2524,0.816957
DS_MEDIUM_ENTROPY_2KB.json,MEDIUM_ENTROPY,2,LZW,29,0.220600,0.070500,2062,2524,0.816957
DS_MEDIUM_ENTROPY_2KB.json,MEDIUM_ENTROPY,2,LZW,30,0.237800,0.071800,2062,2524,0.816957
DS_MEDIUM_ENTROPY_5KB.json,MEDIUM_ENTROPY,5,Huffman,1,0.351300,0.144900,5133,3867,1.327386
DS_MEDIUM_ENTROPY_5KB.json,MEDIUM_ENTROPY,5,Huffman,2,0.394500,0.111600,5133,3867,1.327386
DS_MEDIUM_ENTROPY_5KB.json,MEDIUM_ENTROPY,5,Huffman,3,0.258200,0.117100,5133,3867,1.327386
DS_MEDIUM_ENTROPY_5KB.json,MEDIUM_ENTROPY,5,Huffman,4,0.331500,0.159500,5133,3867,1.327386
DS_MEDIUM_ENTROPY_5KB.json,MEDIUM_ENTROPY,5,Huffman,5,0.323900,0.197700,5133,3867,1.327386
DS_MEDIUM_ENTROPY_5KB.json,MEDIUM_ENTROPY,5,Huffman,6,0.290400,0.113200,5133,3867,1.327386
DS_MEDIUM_ENTROPY_5KB.json,MEDIUM_ENTROPY,5,Huffman,7,0.262500,0.171400,5133,3867,1.327386
DS_MEDIUM_ENTROPY_5KB.json,MEDIUM_ENTROPY,5,Huffman,8,0.331000,0.167900,5133,3867,1.327386
DS_MEDIUM_ENTROPY_5KB.json,MEDIUM_ENTROPY,5,Huffman,9,0.411100,0.195200,5133,3867,1.327386
DS_MEDIUM_ENTROPY_5KB.json,MEDIUM_ENTROPY,5,Huffman,10,0.241400,0.110900,5133,3867,1.327386
DS_MEDIUM_ENTROPY_5KB.json,MEDIUM_ENTROPY,5,Huffman,11,0.257400,0.112200,5133,3867,1.327386
DS_MEDIUM_ENTROPY_5KB.json,MEDIUM_ENTROPY,5,Huffman,12,0.405000,0.192600,5133,3867,1.327386
DS_MEDIUM_ENTROPY_5KB.json,MEDIUM_ENTROPY,5,Huffman,13,0.419600,0.192300,5133,3867,1.327386
DS_MEDIUM_ENTROPY_5KB.json,MEDIUM_ENTROPY,5,Huffman,14,0.290800,0.133100,5133,3867,1.327386
DS_MEDIUM_ENTROPY_5KB.json,MEDIUM_ENTROPY,5,Huffman,15,0.415200,0.194700,5133,3867,1.327386
DS_MEDIUM_ENTROPY_5KB.json,MEDIUM_ENTROPY,5,Huffman,16,0.411700,0.163100,5133,3867,1.327386
DS_MEDIUM_ENTROPY_5KB.json,MEDIUM_ENTROPY,5,Huffman,17,0.384000,0.119100,5133,3867,1.327386
DS_MEDIUM_ENTROPY_5KB.json,MEDIUM_ENTROPY,5,Huffman,18,0.295800,0.170000,5133,3867,1.327386
DS_MEDIUM_ENTROPY_5KB.json,MEDIUM_ENTROPY,5,Huffman,19,0.292600,0.156500,5133,3867,1.327386
DS_MEDIUM_ENTROPY_5KB.json,MEDIUM_ENTROPY,5,Huffman,20,0.318200,0.168600,5133,3867,1.327386
DS_MEDIUM_ENTROPY_5KB.json,MEDIUM_ENTROPY,5,Huffman,21,0.239900,0.112400,5133,3867,1.327386
DS_MEDIUM_ENTROPY_5KB.json,MEDIUM_ENTROPY,5,Huffman,22,0.284200,0.132800,5133,3867,1.327386
DS_MEDIUM_ENTROPY_5KB.json,MEDIUM_ENTROPY,5,Huffman,23,0.252000,0.112500,5133,3867,1.327386
DS_MEDIUM_ENTROPY_5KB.json,MEDIUM_ENTROPY,5,Huffman,24,0.404300,0.193000,5133,3867,1.327386
DS_MEDIUM_ENTROPY_5KB.json,MEDIUM_ENTROPY,5,Huffman,25,0.404900,0.191300,5133,3867,1.327386
DS_MEDIUM_ENTROPY_5KB.json,MEDIUM_ENTROPY,5,Huffman,26,0.262500,0.110800,5133,3867,1.327386
DS_MEDIUM_ENTROPY_5KB.json,MEDIUM_ENTROPY,5,Huffman,27,0.400000,0.192200,5133,3867,1.327386
DS_MEDIUM_ENTROPY_5KB.json,MEDIUM_ENTROPY,5,Huffman,28,0.255100,0.117800,5133,3867,1.327386
DS_MEDIUM_ENTROPY_5KB.json,MEDIUM_ENTROPY,5,Huffman,29,0.243000,0.111400,5133,3867,1.327386
DS_MEDIUM_ENTROPY_5KB.json,MEDIUM_ENTROPY,5,Huffman,30,0.314700,0.138700,5133,3867,1.327386
DS_MEDIUM_ENTROPY_5KB.json,MEDIUM_ENTROPY,5,LZW,1,0.607800,0.107400,5133,4548,1.128628
DS_MEDIUM_ENTROPY_5KB.json,MEDIUM_ENTROPY,5,LZW,2,0.372100,0.106900,5133,4548,1.128628
DS_MEDIUM_ENTROPY_5KB.json,MEDIUM_ENTROPY,5,LZW,3,0.388600,0.105100,5133,4548,1.128628
DS_MEDIUM_ENTROPY_5KB.json,MEDIUM_ENTROPY,5,LZW,4,0.787500,0.155000,5133,4548,1.128628
DS_MEDIUM_ENTROPY_5KB.json,MEDIUM_ENTROPY,5,LZW,5,0.510900,0.114100,5133,4548,1.128628
DS_MEDIUM_ENTROPY_5KB.json,MEDIUM_ENTROPY,5,LZW,6,0.442100,0.125500,5133,4548,1.128628
DS_MEDIUM_ENTROPY_5KB.json,MEDIUM_ENTROPY,5,LZW,7,0.653300,0.108200,5133,4548,1.128628
DS_MEDIUM_ENTROPY_5KB.json,MEDIUM_ENTROPY,5,LZW,8,0.645500,0.146000,5133,4548,1.128628
DS_MEDIUM_ENTROPY_5KB.json,MEDIUM_ENTROPY,5,LZW,9,0.639600,0.181700,5133,4548,1.128628
DS_MEDIUM_ENTROPY_5KB.json,MEDIUM_ENTROPY,5,LZW,10,0.363700,0.105800,5133,4548,1.128628
DS_MEDIUM_ENTROPY_5KB.json,MEDIUM_ENTROPY,5,LZW,11,0.376400,0.103700,5133,4548,1.128628
DS_MEDIUM_ENTROPY_5KB.json,MEDIUM_ENTROPY,5,LZW,12,0.443700,0.133600,5133,4548,1.128628
DS_MEDIUM_ENTROPY_5KB.json,MEDIUM_ENTROPY,5,LZW,13,0.456800,0.141000,5133,4548,1.128628
DS_MEDIUM_ENTROPY_5KB.json,MEDIUM_ENTROPY,5,LZW,14,0.768500,0.245100,5133,4548,1.128628
DS_MEDIUM_ENTROPY_5KB.json,MEDIUM_ENTROPY,5,LZW,15,0.447400,0.149200,5133,4548,1.128628
DS_MEDIUM_ENTROPY_5KB.json,MEDIUM_ENTROPY,5,LZW,16,0.588000,0.160400,5133,4548,1.128628
DS_MEDIUM_ENTROPY_5KB.json,MEDIUM_ENTROPY,5,LZW,17,0.370800,0.108700,5133,4548,1.128628
DS_MEDIUM_ENTROPY_5KB.json,MEDIUM_ENTROPY,5,LZW,18,0.371500,0.106300,5133,4548,1.128628
DS_MEDIUM_ENTROPY_5KB.json,MEDIUM_ENTROPY,5,LZW,19,0.416300,0.105500,5133,4548,1.128628
DS_MEDIUM_ENTROPY_5KB.json,MEDIUM_ENTROPY,5,LZW,20,0.449400,0.127700,5133,4548,1.128628
DS_MEDIUM_ENTROPY_5KB.json,MEDIUM_ENTROPY,5,LZW,21,0.464500,0.141000,5133,4548,1.128628
DS_MEDIUM_ENTROPY_5KB.json,MEDIUM_ENTROPY,5,LZW,22,0.440300,0.139700,5133,4548,1.128628
DS_MEDIUM_ENTROPY_5KB.json,MEDIUM_ENTROPY,5,LZW,23,0.446200,0.142000,5133,4548,1.128628
DS_MEDIUM_ENTROPY_5KB.json,MEDIUM_ENTROPY,5,LZW,24,0.363100,0.103500,5133,4548,1.128628
DS_MEDIUM_ENTROPY_5KB.json,MEDIUM_ENTROPY,5,LZW,25,0.441900,0.137500,5133,4548,1.128628
DS_MEDIUM_ENTROPY_5KB.json,MEDIUM_ENTROPY,5,LZW,26,0.444600,0.114600,5133,4548,1.128628
DS_MEDIUM_ENTROPY_5KB.json,MEDIUM_ENTROPY,5,LZW,27,0.436600,0.116400,5133,4548,1.128628
DS_MEDIUM_ENTROPY_5KB.json,MEDIUM_ENTROPY,5,LZW,28,0.375300,0.105600,5133,4548,1.128628
DS_MEDIUM_ENTROPY_5KB.json,MEDIUM_ENTROPY,5,LZW,29,0.385500,0.140700,5133,4548,1.128628
DS_MEDIUM_ENTROPY_5KB.json,MEDIUM_ENTROPY,5,LZW,30,0.468600,0.104900,5133,4548,1.128628
DS_MEDIUM_ENTROPY_10KB.json,MEDIUM_ENTROPY,10,Huffman,1,0.502600,0.266400,10238,6710,1.525782
DS_MEDIUM_ENTROPY_10KB.json,MEDIUM_ENTROPY,10,Huffman,2,0.634300,0.217300,10238,6710,1.525782
DS_MEDIUM_ENTROPY_10KB.json,MEDIUM_ENTROPY,10,Huffman,3,0.388100,0.181400,10238,6710,1.525782
DS_MEDIUM_ENTROPY_10KB.json,MEDIUM_ENTROPY,10,Huffman,4,0.475700,0.225900,10238,6710,1.525782
DS_MEDIUM_ENTROPY_10KB.json,MEDIUM_ENTROPY,10,Huffman,5,0.374000,0.177800,10238,6710,1.525782
DS_MEDIUM_ENTROPY_10KB.json,MEDIUM_ENTROPY,10,Huffman,6,0.545800,0.274200,10238,6710,1.525782
DS_MEDIUM_ENTROPY_10KB.json,MEDIUM_ENTROPY,10,Huffman,7,0.526900,0.280300,10238,6710,1.525782
DS_MEDIUM_ENTROPY_10KB.json,MEDIUM_ENTROPY,10,Huffman,8,0.775600,0.291800,10238,6710,1.525782
DS_MEDIUM_ENTROPY_10KB.json,MEDIUM_ENTROPY,10,Huffman,9,0.771600,0.206000,10238,6710,1.525782
DS_MEDIUM_ENTROPY_10KB.json,MEDIUM_ENTROPY,10,Huffman,10,0.687500,0.310800,10238,6710,1.525782
DS_MEDIUM_ENTROPY_10KB.json,MEDIUM_ENTROPY,10,Huffman,11,0.475100,0.177800,10238,6710,1.525782
DS_MEDIUM_ENTROPY_10KB.json,MEDIUM_ENTROPY,10,Huffman,12,0.402700,0.214000,10238,6710,1.525782
DS_MEDIUM_ENTROPY_10KB.json,MEDIUM_ENTROPY,10,Huffman,13,0.726000,0.348800,10238,6710,1.525782
DS_MEDIUM_ENTROPY_10KB.json,MEDIUM_ENTROPY,10,Huffman,14,1.050700,1.174800,10238,6710,1.525782
DS_MEDIUM_ENTROPY_10KB.json,MEDIUM_ENTROPY,10,Huffman,15,0.378600,0.180600,10238,6710,1.525782
DS_MEDIUM_ENTROPY_10KB.json,MEDIUM_ENTROPY,10,Huffman,16,0.463600,0.233800,10238,6710,1.525782
DS_MEDIUM_ENTROPY_10KB.json,MEDIUM_ENTROPY,10,Huffman,17,0.484900,0.258100,10238,6710,1.525782
DS_MEDIUM_ENTROPY_10KB.json,MEDIUM_ENTROPY,10,Huffman,18,0.438500,0.178600,10238,6710,1.525782
DS_MEDIUM_ENTROPY_10KB.json,MEDIUM_ENTROPY,10,Huffman,19,0.378500,0.229900,10238,6710,1.525782
DS_MEDIUM_ENTROPY_10KB.json,MEDIUM_ENTROPY,10,Huffman,20,0.381400,0.205300,10238,6710,1.525782
DS_MEDIUM_ENTROPY_10KB.json,MEDIUM_ENTROPY,10,Huffman,21,0.537500,0.256800,10238,6710,1.525782
DS_MEDIUM_ENTROPY_10KB.json,MEDIUM_ENTROPY,10,Huffman,22,0.527700,0.267200,10238,6710,1.525782
DS_MEDIUM_ENTROPY_10KB.json,MEDIUM_ENTROPY,10,Huffman,23,0.443900,0.182000,10238,6710,1.525782
DS_MEDIUM_ENTROPY_10KB.json,MEDIUM_ENTROPY,10,Huffman,24,0.382400,0.177400,10238,6710,1.525782
DS_MEDIUM_ENTROPY_10KB.json,MEDIUM_ENTROPY,10,Huffman,25,0.656500,0.183700,10238,6710,1.525782
DS_MEDIUM_ENTROPY_10KB.json,MEDIUM_ENTROPY,10,Huffman,26,0.423800,0.192900,10238,6710,1.525782
DS_MEDIUM_ENTROPY_10KB.json,MEDIUM_ENTROPY,10,Huffman,27,0.647000,0.283400,10238,6710,1.525782
DS_MEDIUM_ENTROPY_10KB.json,MEDIUM_ENTROPY,10,Huffman,28,0.372000,0.178900,10238,6710,1.525782
DS_MEDIUM_ENTROPY_10KB.json,MEDIUM_ENTROPY,10,Huffman,29,0.444800,0.214600,10238,6710,1.525782
DS_MEDIUM_ENTROPY_10KB.json,MEDIUM_ENTROPY,10,Huffman,30,0.524800,0.521300,10238,6710,1.525782
DS_MEDIUM_ENTROPY_10KB.json,MEDIUM_ENTROPY,10,LZW,1,1.121900,0.247200,10238,7232,1.415653
DS_MEDIUM_ENTROPY_10KB.json,MEDIUM_ENTROPY,10,LZW,2,1.051600,0.222200,10238,7232,1.415653
DS_MEDIUM_ENTROPY_10KB.json,MEDIUM_ENTROPY,10,LZW,3,0.706800,0.165700,10238,7232,1.415653
DS_MEDIUM_ENTROPY_10KB.json,MEDIUM_ENTROPY,10,LZW,4,0.683500,0.160700,10238,7232,1.415653
DS_MEDIUM_ENTROPY_10KB.json,MEDIUM_ENTROPY,10,LZW,5,0.684500,0.159100,10238,7232,1.415653
DS_MEDIUM_ENTROPY_10KB.json,MEDIUM_ENTROPY,10,LZW,6,0.720200,0.198700,10238,7232,1.415653
DS_MEDIUM_ENTROPY_10KB.json,MEDIUM_ENTROPY,10,LZW,7,0.701400,0.166500,10238,7232,1.415653
DS_MEDIUM_ENTROPY_10KB.json,MEDIUM_ENTROPY,10,LZW,8,0.757500,0.164600,10238,7232,1.415653
DS_MEDIUM_ENTROPY_10KB.json,MEDIUM_ENTROPY,10,LZW,9,0.773000,0.211200,10238,7232,1.415653
DS_MEDIUM_ENTROPY_10KB.json,MEDIUM_ENTROPY,10,LZW,10,0.674400,0.166100,10238,7232,1.415653
DS_MEDIUM_ENTROPY_10KB.json,MEDIUM_ENTROPY,10,LZW,11,0.854600,0.168300,10238,7232,1.415653
DS_MEDIUM_ENTROPY_10KB.json,MEDIUM_ENTROPY,10,LZW,12,1.997000,0.407100,10238,7232,1.415653
DS_MEDIUM_ENTROPY_10KB.json,MEDIUM_ENTROPY,10,LZW,13,1.044700,0.164000,10238,7232,1.415653
DS_MEDIUM_ENTROPY_10KB.json,MEDIUM_ENTROPY,10,LZW,14,0.932000,0.218600,10238,7232,1.415653
DS_MEDIUM_ENTROPY_10KB.json,MEDIUM_ENTROPY,10,LZW,15,1.311600,0.323200,10238,7232,1.415653
DS_MEDIUM_ENTROPY_10KB.json,MEDIUM_ENTROPY,10,LZW,16,0.716500,0.175000,10238,7232,1.415653
DS_MEDIUM_ENTROPY_10KB.json,MEDIUM_ENTROPY,10,LZW,17,0.691500,0.205600,10238,7232,1.415653
DS_MEDIUM_ENTROPY_10KB.json,MEDIUM_ENTROPY,10,LZW,18,0.881200,0.168500,10238,7232,1.415653
DS_MEDIUM_ENTROPY_10KB.json,MEDIUM_ENTROPY,10,LZW,19,1.090500,0.161600,10238,7232,1.415653
DS_MEDIUM_ENTROPY_10KB.json,MEDIUM_ENTROPY,10,LZW,20,0.686400,0.160000,10238,7232,1.415653
DS_MEDIUM_ENTROPY_10KB.json,MEDIUM_ENTROPY,10,LZW,21,1.048100,0.231400,10238,7232,1.415653
DS_MEDIUM_ENTROPY_10KB.json,MEDIUM_ENTROPY,10,LZW,22,1.174200,0.166600,10238,7232,1.415653
DS_MEDIUM_ENTROPY_10KB.json,MEDIUM_ENTROPY,10,LZW,23,1.168700,0.235500,10238,7232,1.415653
DS_MEDIUM_ENTROPY_10KB.json,MEDIUM_ENTROPY,10,LZW,24,0.737500,0.167000,10238,7232,1.415653
DS_MEDIUM_ENTROPY_10KB.json,MEDIUM_ENTROPY,10,LZW,25,1.011400,0.162700,10238,7232,1.415653
DS_MEDIUM_ENTROPY_10KB.json,MEDIUM_ENTROPY,10,LZW,26,1.030200,0.208000,10238,7232,1.415653
DS_MEDIUM_ENTROPY_10KB.json,MEDIUM_ENTROPY,10,LZW,27,0.734100,0.159500,10238,7232,1.415653
DS_MEDIUM_ENTROPY_10KB.json,MEDIUM_ENTROPY,10,LZW,28,0.685100,0.158900,10238,7232,1.415653
DS_MEDIUM_ENTROPY_10KB.json,MEDIUM_ENTROPY,10,LZW,29,0.674000,0.160000,10238,7232,1.415653
DS_MEDIUM_ENTROPY_10KB.json,MEDIUM_ENTROPY,10,LZW,30,0.674200,0.159200,10238,7232,1.415653
DS_MEDIUM_ENTROPY_50KB.json,MEDIUM_ENTROPY,50,Huffman,1,1.523900,0.707500,51209,29562,1.732258
DS_MEDIUM_ENTROPY_50KB.json,MEDIUM_ENTROPY,50,Huffman,2,1.807500,1.270400,51209,29562,1.732258
DS_MEDIUM_ENTROPY_50KB.json,MEDIUM_ENTROPY,50,Huffman,3,1.415500,0.919500,51209,29562,1.732258
DS_MEDIUM_ENTROPY_50KB.json,MEDIUM_ENTROPY,50,Huffman,4,1.759100,1.284100,51209,29562,1.732258
DS_MEDIUM_ENTROPY_50KB.json,MEDIUM_ENTROPY,50,Huffman,5,1.930200,0.694300,51209,29562,1.732258
DS_MEDIUM_ENTROPY_50KB.json,MEDIUM_ENTROPY,50,Huffman,6,1.432600,0.716100,51209,29562,1.732258
DS_MEDIUM_ENTROPY_50KB.json,MEDIUM_ENTROPY,50,Huffman,7,2.154000,0.976600,51209,29562,1.732258
DS_MEDIUM_ENTROPY_50KB.json,MEDIUM_ENTROPY,50,Huffman,8,1.862000,0.713700,51209,29562,1.732258
DS_MEDIUM_ENTROPY_50KB.json,MEDIUM_ENTROPY,50,Huffman,9,2.645400,0.929900,51209,29562,1.732258
DS_MEDIUM_ENTROPY_50KB.json,MEDIUM_ENTROPY,50,Huffman,10,1.555900,0.723100,51209,29562,1.732258
DS_MEDIUM_ENTROPY_50KB.json,MEDIUM_ENTROPY,50,Huffman,11,2.137400,1.082200,51209,29562,1.732258
DS_MEDIUM_ENTROPY_50KB.json,MEDIUM_ENTROPY,50,Huffman,12,2.057700,0.737100,51209,29562,1.732258
DS_MEDIUM_ENTROPY_50KB.json,MEDIUM_ENTROPY,50,Huffman,13,1.512200,0.929000,51209,29562,1.732258
DS_MEDIUM_ENTROPY_50KB.json,MEDIUM_ENTROPY,50,Huffman,14,2.153000,1.281200,51209,29562,1.732258
DS_MEDIUM_ENTROPY_50KB.json,MEDIUM_ENTROPY,50,Huffman,15,1.776000,1.352300,51209,29562,1.732258
DS_MEDIUM_ENTROPY_50KB.json,MEDIUM_ENTROPY,50,Huffman,16,2.456300,1.016800,51209,29562,1.732258
DS_MEDIUM_ENTROPY_50KB.json,MEDIUM_ENTROPY,50,Huffman,17,1.553100,0.919400,51209,29562,1.732258
DS_MEDIUM_ENTROPY_50KB.json,MEDIUM_ENTROPY,50,Huffman,18,2.111700,1.250900,51209,29562,1.732258
DS_MEDIUM_ENTROPY_50KB.json,MEDIUM_ENTROPY,50,Huffman,19,1.632700,1.134100,51209,29562,1.732258
DS_MEDIUM_ENTROPY_50KB.json,MEDIUM_ENTROPY,50,Huffman,20,2.158900,1.183900,51209,29562,1.732258
DS_MEDIUM_ENTROPY_50KB.json,MEDIUM_ENTROPY,50,Huffman,21,1.950100,1.089400,51209,29562,1.732258
DS_MEDIUM_ENTROPY_50KB.json,MEDIUM_ENTROPY,50,Huffman,22,2.043900,0.861900,51209,29562,1.732258
DS_MEDIUM_ENTROPY_50KB.json,MEDIUM_ENTROPY,50,Huffman,23,2.417400,0.894900,51209,29562,1.732258
DS_MEDIUM_ENTROPY_50KB.json,MEDIUM_ENTROPY,50,Huffman,24,1.539500,0.737200,51209,29562,1.732258
DS_MEDIUM_ENTROPY_50KB.json,MEDIUM_ENTROPY,50,Huffman,25,2.115000,1.173900,51209,29562,1.732258
DS_MEDIUM_ENTROPY_50KB.json,MEDIUM_ENTROPY,50,Huffman,26,2.257100,0.704700,51209,29562,1.732258
DS_MEDIUM_ENTROPY_50KB.json,MEDIUM_ENTROPY,50,Huffman,27,1.411400,0.872100,51209,29562,1.732258
DS_MEDIUM_ENTROPY_50KB.json,MEDIUM_ENTROPY,50,Huffman,28,1.636800,1.049800,51209,29562,1.732258
DS_MEDIUM_ENTROPY_50KB.json,MEDIUM_ENTROPY,50,Huffman,29,2.378600,0.991100,51209,29562,1.732258
DS_MEDIUM_ENTROPY_50KB.json,MEDIUM_ENTROPY,50,Huffman,30,1.703000,1.166200,51209,29562,1.732258
DS_MEDIUM_ENTROPY_50KB.json,MEDIUM_ENTROPY,50,LZW,1,5.128400,0.462200,51209,24488,2.091188
DS_MEDIUM_ENTROPY_50KB.json,MEDIUM_ENTROPY,50,LZW,2,4.757500,0.674600,51209,24488,2.091188
DS_MEDIUM_ENTROPY_50KB.json,MEDIUM_ENTROPY,50,LZW,3,4.564300,0.859800,51209,24488,2.091188
DS_MEDIUM_ENTROPY_50KB.json,MEDIUM_ENTROPY,50,LZW,4,4.933300,0.651100,51209,24488,2.091188
DS_MEDIUM_ENTROPY_50KB.json,MEDIUM_ENTROPY,50,LZW,5,3.917300,0.401900,51209,24488,2.091188
DS_MEDIUM_ENTROPY_50KB.json,MEDIUM_ENTROPY,50,LZW,6,5.150200,0.629300,51209,24488,2.091188
DS_MEDIUM_ENTROPY_50KB.json,MEDIUM_ENTROPY,50,LZW,7,4.033700,0.404600,51209,24488,2.091188
DS_MEDIUM_ENTROPY_50KB.json,MEDIUM_ENTROPY,50,LZW,8,4.263800,0.513100,51209,24488,2.091188
DS_MEDIUM_ENTROPY_50KB.json,MEDIUM_ENTROPY,50,LZW,9,5.263400,0.639000,51209,24488,2.091188
DS_MEDIUM_ENTROPY_50KB.json,MEDIUM_ENTROPY,50,LZW,10,4.746300,0.667100,51209,24488,2.091188
DS_MEDIUM_ENTROPY_50KB.json,MEDIUM_ENTROPY,50,LZW,11,4.911700,0.661600,51209,24488,2.091188
DS_MEDIUM_ENTROPY_50KB.json,MEDIUM_ENTROPY,50,LZW,12,5.021500,0.568400,51209,24488,2.091188
DS_MEDIUM_ENTROPY_50KB.json,MEDIUM_ENTROPY,50,LZW,13,4.826300,0.670600,51209,24488,2.091188
DS_MEDIUM_ENTROPY_50KB.json,MEDIUM_ENTROPY,50,LZW,14,5.166300,0.725200,51209,24488,2.091188
DS_MEDIUM_ENTROPY_50KB.json,MEDIUM_ENTROPY,50,LZW,15,5.452900,0.424700,51209,24488,2.091188
DS_MEDIUM_ENTROPY_50KB.json,MEDIUM_ENTROPY,50,LZW,16,4.354300,0.407600,51209,24488,2.091188
DS_MEDIUM_ENTROPY_50KB.json,MEDIUM_ENTROPY,50,LZW,17,3.961100,0.661000,51209,24488,2.091188
DS_MEDIUM_ENTROPY_50KB.json,MEDIUM_ENTROPY,50,LZW,18,4.973800,0.533000,51209,24488,2.091188
DS_MEDIUM_ENTROPY_50KB.json,MEDIUM_ENTROPY,50,LZW,19,4.522200,0.407500,51209,24488,2.091188
DS_MEDIUM_ENTROPY_50KB.json,MEDIUM_ENTROPY,50,LZW,20,5.452800,0.839100,51209,24488,2.091188
DS_MEDIUM_ENTROPY_50KB.json,MEDIUM_ENTROPY,50,LZW,21,4.888300,0.438200,51209,24488,2.091188
DS_MEDIUM_ENTROPY_50KB.json,MEDIUM_ENTROPY,50,LZW,22,5.170800,0.635600,51209,24488,2.091188
DS_MEDIUM_ENTROPY_50KB.json,MEDIUM_ENTROPY,50,LZW,23,4.672400,0.672800,51209,24488,2.091188
DS_MEDIUM_ENTROPY_50KB.json,MEDIUM_ENTROPY,50,LZW,24,5.202600,0.713700,51209,24488,2.091188
DS_MEDIUM_ENTROPY_50KB.json,MEDIUM_ENTROPY,50,LZW,25,4.281000,0.734800,51209,24488,2.091188
DS_MEDIUM_ENTROPY_50KB.json,MEDIUM_ENTROPY,50,LZW,26,5.409700,0.690800,51209,24488,2.091188
DS_MEDIUM_ENTROPY_50KB.json,MEDIUM_ENTROPY,50,LZW,27,4.105100,0.603700,51209,24488,2.091188
DS_MEDIUM_ENTROPY_50KB.json,MEDIUM_ENTROPY,50,LZW,28,4.965300,0.627600,51209,24488,2.091188
DS_MEDIUM_ENTROPY_50KB.json,MEDIUM_ENTROPY,50,LZW,29,4.939200,0.512200,51209,24488,2.091188
DS_MEDIUM_ENTROPY_50KB.json,MEDIUM_ENTROPY,50,LZW,30,4.625300,0.518900,51209,24488,2.091188
DS_MEDIUM_ENTROPY_100KB.json,MEDIUM_ENTROPY,100,Huffman,1,2.845800,1.633200,102409,58350,1.755081
DS_MEDIUM_ENTROPY_100KB.json,MEDIUM_ENTROPY,100,Huffman,2,2.900600,1.925200,102409,58350,1.755081
DS_MEDIUM_ENTROPY_100KB.json,MEDIUM_ENTROPY,100,Huffman,3,3.154600,1.817900,102409,58350,1.755081
DS_MEDIUM_ENTROPY_100KB.json,MEDIUM_ENTROPY,100,Huffman,4,3.144400,1.325600,102409,58350,1.755081
DS_MEDIUM_ENTROPY_100KB.json,MEDIUM_ENTROPY,100,Huffman,5,3.039500,1.403900,102409,58350,1.755081
DS_MEDIUM_ENTROPY_100KB.json,MEDIUM_ENTROPY,100,Huffman,6,2.748600,1.340500,102409,58350,1.755081
DS_MEDIUM_ENTROPY_100KB.json,MEDIUM_ENTROPY,100,Huffman,7,2.784000,1.537500,102409,58350,1.755081
DS_MEDIUM_ENTROPY_100KB.json,MEDIUM_ENTROPY,100,Huffman,8,2.988100,1.350000,102409,58350,1.755081
DS_MEDIUM_ENTROPY_100KB.json,MEDIUM_ENTROPY,100,Huffman,9,3.485500,1.339600,102409,58350,1.755081
DS_MEDIUM_ENTROPY_100KB.json,MEDIUM_ENTROPY,100,Huffman,10,2.866200,1.403200,102409,58350,1.755081
DS_MEDIUM_ENTROPY_100KB.json,MEDIUM_ENTROPY,100,Huffman,11,2.818700,1.325500,102409,58350,1.755081
DS_MEDIUM_ENTROPY_100KB.json,MEDIUM_ENTROPY,100,Huffman,12,2.870100,1.524000,102409,58350,1.755081
DS_MEDIUM_ENTROPY_100KB.json,MEDIUM_ENTROPY,100,Huffman,13,3.230000,1.316500,102409,58350,1.755081
DS_MEDIUM_ENTROPY_100KB.json,MEDIUM_ENTROPY,100,Huffman,14,3.066800,1.427800,102409,58350,1.755081
DS_MEDIUM_ENTROPY_100KB.json,MEDIUM_ENTROPY,100,Huffman,15,4.148400,2.305800,102409,58350,1.755081
DS_MEDIUM_ENTROPY_100KB.json,MEDIUM_ENTROPY,100,Huffman,16,4.165600,2.108600,102409,58350,1.755081
DS_MEDIUM_ENTROPY_100KB.json,MEDIUM_ENTROPY,100,Huffman,17,3.972300,2.199100,102409,58350,1.755081
DS_MEDIUM_ENTROPY_100KB.json,MEDIUM_ENTROPY,100,Huffman,18,3.029700,1.437900,102409,58350,1.755081
DS_MEDIUM_ENTROPY_100KB.json,MEDIUM_ENTROPY,100,Huffman,19,3.351200,1.484200,102409,58350,1.755081
DS_MEDIUM_ENTROPY_100KB.json,MEDIUM_ENTROPY,100,Huffman,20,2.992700,1.407400,102409,58350,1.755081
DS_MEDIUM_ENTROPY_100KB.json,MEDIUM_ENTROPY,100,Huffman,21,3.649800,2.243400,102409,58350,1.755081
DS_MEDIUM_ENTROPY_100KB.json,MEDIUM_ENTROPY,100,Huffman,22,4.959400,2.267800,102409,58350,1.755081
DS_MEDIUM_ENTROPY_100KB.json,MEDIUM_ENTROPY,100,Huffman,23,3.567300,1.381700,102409,58350,1.755081
DS_MEDIUM_ENTROPY_100KB.json,MEDIUM_ENTROPY,100,Huffman,24,2.760000,1.569700,102409,58350,1.755081
DS_MEDIUM_ENTROPY_100KB.json,MEDIUM_ENTROPY,100,Huffman,25,3.009400,1.362100,102409,58350,1.755081
DS_MEDIUM_ENTROPY_100KB.json,MEDIUM_ENTROPY,100,Huffman,26,2.726700,1.317200,102409,58350,1.755081
DS_MEDIUM_ENTROPY_100KB.json,MEDIUM_ENTROPY,100,Huffman,27,4.422700,2.178400,102409,58350,1.755081
DS_MEDIUM_ENTROPY_100KB.json,MEDIUM_ENTROPY,100,Huffman,28,2.913600,1.382300,102409,58350,1.755081
DS_MEDIUM_ENTROPY_100KB.json,MEDIUM_ENTROPY,100,Huffman,29,3.477200,2.256700,102409,58350,1.755081
DS_MEDIUM_ENTROPY_100KB.json,MEDIUM_ENTROPY,100,Huffman,30,3.496300,1.487400,102409,58350,1.755081
DS_MEDIUM_ENTROPY_100KB.json,MEDIUM_ENTROPY,100,LZW,1,7.398300,0.626000,102409,45468,2.252331
DS_MEDIUM_ENTROPY_100KB.json,MEDIUM_ENTROPY,100,LZW,2,7.290900,0.672000,102409,45468,2.252331
DS_MEDIUM_ENTROPY_100KB.json,MEDIUM_ENTROPY,100,LZW,3,7.917100,0.670300,102409,45468,2.252331
DS_MEDIUM_ENTROPY_100KB.json,MEDIUM_ENTROPY,100,LZW,4,7.130800,0.728400,102409,45468,2.252331
DS_MEDIUM_ENTROPY_100KB.json,MEDIUM_ENTROPY,100,LZW,5,8.136700,0.768300,102409,45468,2.252331
DS_MEDIUM_ENTROPY_100KB.json,MEDIUM_ENTROPY,100,LZW,6,6.620600,0.620400,102409,45468,2.252331
DS_MEDIUM_ENTROPY_100KB.json,MEDIUM_ENTROPY,100,LZW,7,7.004700,0.632600,102409,45468,2.252331
DS_MEDIUM_ENTROPY_100KB.json,MEDIUM_ENTROPY,100,LZW,8,8.442900,0.612500,102409,45468,2.252331
DS_MEDIUM_ENTROPY_100KB.json,MEDIUM_ENTROPY,100,LZW,9,6.789500,0.616600,102409,45468,2.252331
DS_MEDIUM_ENTROPY_100KB.json,MEDIUM_ENTROPY,100,LZW,10,7.239600,0.853400,102409,45468,2.252331
DS_MEDIUM_ENTROPY_100KB.json,MEDIUM_ENTROPY,100,LZW,11,7.055200,0.748500,102409,45468,2.252331
DS_MEDIUM_ENTROPY_100KB.json,MEDIUM_ENTROPY,100,LZW,12,8.025500,0.844500,102409,45468,2.252331
DS_MEDIUM_ENTROPY_100KB.json,MEDIUM_ENTROPY,100,LZW,13,6.518500,0.616300,102409,45468,2.252331
DS_MEDIUM_ENTROPY_100KB.json,MEDIUM_ENTROPY,100,LZW,14,6.488100,0.667300,102409,45468,2.252331
DS_MEDIUM_ENTROPY_100KB.json,MEDIUM_ENTROPY,100,LZW,15,7.214300,0.649800,102409,45468,2.252331
DS_MEDIUM_ENTROPY_100KB.json,MEDIUM_ENTROPY,100,LZW,16,7.020400,0.615700,102409,45468,2.252331
DS_MEDIUM_ENTROPY_100KB.json,MEDIUM_ENTROPY,100,LZW,17,6.717200,0.611000,102409,45468,2.252331
DS_MEDIUM_ENTROPY_100KB.json,MEDIUM_ENTROPY,100,LZW,18,7.684600,0.627100,102409,45468,2.252331
DS_MEDIUM_ENTROPY_100KB.json,MEDIUM_ENTROPY,100,LZW,19,8.359700,0.614200,102409,45468,2.252331
DS_MEDIUM_ENTROPY_100KB.json,MEDIUM_ENTROPY,100,LZW,20,8.630200,0.631500,102409,45468,2.252331
DS_MEDIUM_ENTROPY_100KB.json,MEDIUM_ENTROPY,100,LZW,21,7.824700,0.726800,102409,45468,2.252331
DS_MEDIUM_ENTROPY_100KB.json,MEDIUM_ENTROPY,100,LZW,22,8.307900,0.614900,102409,45468,2.252331
DS_MEDIUM_ENTROPY_100KB.json,MEDIUM_ENTROPY,100,LZW,23,7.246900,0.743100,102409,45468,2.252331
DS_MEDIUM_ENTROPY_100KB.json,MEDIUM_ENTROPY,100,LZW,24,6.893700,0.616800,102409,45468,2.252331
DS_MEDIUM_ENTROPY_100KB.json,MEDIUM_ENTROPY,100,LZW,25,6.841700,0.658800,102409,45468,2.252331
DS_MEDIUM_ENTROPY_100KB.json,MEDIUM_ENTROPY,100,LZW,26,7.295700,1.106200,102409,45468,2.252331
DS_MEDIUM_ENTROPY_100KB.json,MEDIUM_ENTROPY,100,LZW,27,7.035800,0.643700,102409,45468,2.252331
DS_MEDIUM_ENTROPY_100KB.json,MEDIUM_ENTROPY,100,LZW,28,6.961300,0.696000,102409,45468,2.252331
DS_MEDIUM_ENTROPY_100KB.json,MEDIUM_ENTROPY,100,LZW,29,8.024200,0.687500,102409,45468,2.252331
DS_MEDIUM_ENTROPY_100KB.json,MEDIUM_ENTROPY,100,LZW,30,7.750600,0.915000,102409,45468,2.252331
DS_MEDIUM_ENTROPY_500KB.json,MEDIUM_ENTROPY,500,Huffman,1,13.763100,6.241100,512000,288812,1.772780
DS_MEDIUM_ENTROPY_500KB.json,MEDIUM_ENTROPY,500,Huffman,2,15.906500,9.059900,512000,288812,1.772780
DS_MEDIUM_ENTROPY_500KB.json,MEDIUM_ENTROPY,500,Huffman,3,18.563100,10.247400,512000,288812,1.772780
DS_MEDIUM_ENTROPY_500KB.json,MEDIUM_ENTROPY,500,Huffman,4,16.395400,8.451100,512000,288812,1.772780
DS_MEDIUM_ENTROPY_500KB.json,MEDIUM_ENTROPY,500,Huffman,5,18.628200,11.007700,512000,288812,1.772780
DS_MEDIUM_ENTROPY_500KB.json,MEDIUM_ENTROPY,500,Huffman,6,18.265800,9.163500,512000,288812,1.772780
DS_MEDIUM_ENTROPY_500KB.json,MEDIUM_ENTROPY,500,Huffman,7,16.832900,10.025900,512000,288812,1.772780
DS_MEDIUM_ENTROPY_500KB.json,MEDIUM_ENTROPY,500,Huffman,8,18.225800,9.166600,512000,288812,1.772780
DS_MEDIUM_ENTROPY_500KB.json,MEDIUM_ENTROPY,500,Huffman,9,20.427400,12.283200,512000,288812,1.772780
DS_MEDIUM_ENTROPY_500KB.json,MEDIUM_ENTROPY,500,Huffman,10,18.532000,7.383600,512000,288812,1.772780
DS_MEDIUM_ENTROPY_500KB.json,MEDIUM_ENTROPY,500,Huffman,11,21.788500,8.720600,512000,288812,1.772780
DS_MEDIUM_ENTROPY_500KB.json,MEDIUM_ENTROPY,500,Huffman,12,17.287800,7.055900,512000,288812,1.772780
DS_MEDIUM_ENTROPY_500KB.json,MEDIUM_ENTROPY,500,Huffman,13,15.580500,10.859900,512000,288812,1.772780
DS_MEDIUM_ENTROPY_500KB.json,MEDIUM_ENTROPY,500,Huffman,14,17.392900,8.599300,512000,288812,1.772780
DS_MEDIUM_ENTROPY_500KB.json,MEDIUM_ENTROPY,500,Huffman,15,18.321500,10.220900,512000,288812,1.772780
DS_MEDIUM_ENTROPY_500KB.json,MEDIUM_ENTROPY,500,Huffman,16,13.727500,6.751100,512000,288812,1.772780
DS_MEDIUM_ENTROPY_500KB.json,MEDIUM_ENTROPY,500,Huffman,17,19.565200,8.323500,512000,288812,1.772780
DS_MEDIUM_ENTROPY_500KB.json,MEDIUM_ENTROPY,500,Huffman,18,18.473500,9.132400,512000,288812,1.772780
DS_MEDIUM_ENTROPY_500KB.json,MEDIUM_ENTROPY,500,Huffman,19,17.984400,9.147900,512000,288812,1.772780
DS_MEDIUM_ENTROPY_500KB.json,MEDIUM_ENTROPY,500,Huffman,20,18.804500,9.181500,512000,288812,1.772780
DS_MEDIUM_ENTROPY_500KB.json,MEDIUM_ENTROPY,500,Huffman,21,18.387200,8.766000,512000,288812,1.772780
DS_MEDIUM_ENTROPY_500KB.json,MEDIUM_ENTROPY,500,Huffman,22,15.786700,8.310700,512000,288812,1.772780
DS_MEDIUM_ENTROPY_500KB.json,MEDIUM_ENTROPY,500,Huffman,23,17.418200,11.591100,512000,288812,1.772780
DS_MEDIUM_ENTROPY_500KB.json,MEDIUM_ENTROPY,500,Huffman,24,18.630300,10.069100,512000,288812,1.772780
DS_MEDIUM_ENTROPY_500KB.json,MEDIUM_ENTROPY,500,Huffman,25,19.829600,8.785500,512000,288812,1.772780
DS_MEDIUM_ENTROPY_500KB.json,MEDIUM_ENTROPY,500,Huffman,26,18.008500,9.130600,512000,288812,1.772780
DS_MEDIUM_ENTROPY_500KB.json,MEDIUM_ENTROPY,500,Huffman,27,18.471000,12.044600,512000,288812,1.772780
DS_MEDIUM_ENTROPY_500KB.json,MEDIUM_ENTROPY,500,Huffman,28,18.684000,11.265200,512000,288812,1.772780
DS_MEDIUM_ENTROPY_500KB.json,MEDIUM_ENTROPY,500,Huffman,29,18.994700,9.226900,512000,288812,1.772780
DS_MEDIUM_ENTROPY_500KB.json,MEDIUM_ENTROPY,500,Huffman,30,18.501400,7.623200,512000,288812,1.772780
DS_MEDIUM_ENTROPY_500KB.json,MEDIUM_ENTROPY,500,LZW,1,41.218400,3.431500,512000,219200,2.335766
DS_MEDIUM_ENTROPY_500KB.json,MEDIUM_ENTROPY,500,LZW,2,41.341100,3.375400,512000,219200,2.335766
DS_MEDIUM_ENTROPY_500KB.json,MEDIUM_ENTROPY,500,LZW,3,39.050700,2.831300,512000,219200,2.335766
DS_MEDIUM_ENTROPY_500KB.json,MEDIUM_ENTROPY,500,LZW,4,43.312600,3.708700,512000,219200,2.335766
DS_MEDIUM_ENTROPY_500KB.json,MEDIUM_ENTROPY,500,LZW,5,40.722300,3.672200,512000,219200,2.335766
DS_MEDIUM_ENTROPY_500KB.json,MEDIUM_ENTROPY,500,LZW,6,43.083000,4.017600,512000,219200,2.335766
DS_MEDIUM_ENTROPY_500KB.json,MEDIUM_ENTROPY,500,LZW,7,41.393700,3.255700,512000,219200,2.335766
DS_MEDIUM_ENTROPY_500KB.json,MEDIUM_ENTROPY,500,LZW,8,41.890100,3.931000,512000,219200,2.335766
DS_MEDIUM_ENTROPY_500KB.json,MEDIUM_ENTROPY,500,LZW,9,41.831800,3.772100,512000,219200,2.335766
DS_MEDIUM_ENTROPY_500KB.json,MEDIUM_ENTROPY,500,LZW,10,37.692800,3.021700,512000,219200,2.335766
DS_MEDIUM_ENTROPY_500KB.json,MEDIUM_ENTROPY,500,LZW,11,40.878600,3.193400,512000,219200,2.335766
DS_MEDIUM_ENTROPY_500KB.json,MEDIUM_ENTROPY,500,LZW,12,43.385400,9.456700,512000,219200,2.335766
DS_MEDIUM_ENTROPY_500KB.json,MEDIUM_ENTROPY,500,LZW,13,46.632200,3.177300,512000,219200,2.335766
DS_MEDIUM_ENTROPY_500KB.json,MEDIUM_ENTROPY,500,LZW,14,41.465400,3.258100,512000,219200,2.335766
DS_MEDIUM_ENTROPY_500KB.json,MEDIUM_ENTROPY,500,LZW,15,42.971800,4.309400,512000,219200,2.335766
DS_MEDIUM_ENTROPY_500KB.json,MEDIUM_ENTROPY,500,LZW,16,42.001700,4.069700,512000,219200,2.335766
DS_MEDIUM_ENTROPY_500KB.json,MEDIUM_ENTROPY,500,LZW,17,42.800100,2.961800,512000,219200,2.335766
DS_MEDIUM_ENTROPY_500KB.json,MEDIUM_ENTROPY,500,LZW,18,41.251200,3.198400,512000,219200,2.335766
DS_MEDIUM_ENTROPY_500KB.json,MEDIUM_ENTROPY,500,LZW,19,41.120600,3.870300,512000,219200,2.335766
DS_MEDIUM_ENTROPY_500KB.json,MEDIUM_ENTROPY,500,LZW,20,37.631200,2.982000,512000,219200,2.335766
DS_MEDIUM_ENTROPY_500KB.json,MEDIUM_ENTROPY,500,LZW,21,39.335500,3.767100,512000,219200,2.335766
DS_MEDIUM_ENTROPY_500KB.json,MEDIUM_ENTROPY,500,LZW,22,40.075000,4.329100,512000,219200,2.335766
DS_MEDIUM_ENTROPY_500KB.json,MEDIUM_ENTROPY,500,LZW,23,38.609900,3.408000,512000,219200,2.335766
DS_MEDIUM_ENTROPY_500KB.json,MEDIUM_ENTROPY,500,LZW,24,42.352500,3.819200,512000,219200,2.335766
DS_MEDIUM_ENTROPY_500KB.json,MEDIUM_ENTROPY,500,LZW,25,39.466800,3.627900,512000,219200,2.335766
DS_MEDIUM_ENTROPY_500KB.json,MEDIUM_ENTROPY,500,LZW,26,39.183300,3.575300,512000,219200,2.335766
DS_MEDIUM_ENTROPY_500KB.json,MEDIUM_ENTROPY,500,LZW,27,38.714500,3.171900,512000,219200,2.335766
DS_MEDIUM_ENTROPY_500KB.json,MEDIUM_ENTROPY,500,LZW,28,41.153100,4.709100,512000,219200,2.335766
DS_MEDIUM_ENTROPY_500KB.json,MEDIUM_ENTROPY,500,LZW,29,34.178700,2.867700,512000,219200,2.335766
DS_MEDIUM_ENTROPY_500KB.json,MEDIUM_ENTROPY,500,LZW,30,31.955700,2.507400,512000,219200,2.335766
DS_MEDIUM_ENTROPY_1MB.json,MEDIUM_ENTROPY,1024,Huffman,1,30.852300,15.595400,1048579,592804,1.768846
DS_MEDIUM_ENTROPY_1MB.json,MEDIUM_ENTROPY,1024,Huffman,2,36.021900,13.481600,1048579,592804,1.768846
DS_MEDIUM_ENTROPY_1MB.json,MEDIUM_ENTROPY,1024,Huffman,3,39.275700,13.413100,1048579,592804,1.768846
DS_MEDIUM_ENTROPY_1MB.json,MEDIUM_ENTROPY,1024,Huffman,4,36.093800,21.513200,1048579,592804,1.768846
DS_MEDIUM_ENTROPY_1MB.json,MEDIUM_ENTROPY,1024,Huffman,5,44.568000,23.543800,1048579,592804,1.768846
DS_MEDIUM_ENTROPY_1MB.json,MEDIUM_ENTROPY,1024,Huffman,6,41.416300,16.955800,1048579,592804,1.768846
DS_MEDIUM_ENTROPY_1MB.json,MEDIUM_ENTROPY,1024,Huffman,7,31.590400,14.776600,1048579,592804,1.768846
DS_MEDIUM_ENTROPY_1MB.json,MEDIUM_ENTROPY,1024,Huffman,8,38.501200,13.966900,1048579,592804,1.768846
DS_MEDIUM_ENTROPY_1MB.json,MEDIUM_ENTROPY,1024,Huffman,9,30.188800,14.861000,1048579,592804,1.768846
DS_MEDIUM_ENTROPY_1MB.json,MEDIUM_ENTROPY,1024,Huffman,10,29.474500,17.373700,1048579,592804,1.768846
DS_MEDIUM_ENTROPY_1MB.json,MEDIUM_ENTROPY,1024,Huffman,11,41.120100,13.426300,1048579,592804,1.768846
DS_MEDIUM_ENTROPY_1MB.json,MEDIUM_ENTROPY,1024,Huffman,12,33.828400,16.734800,1048579,592804,1.768846
DS_MEDIUM_ENTROPY_1MB.json,MEDIUM_ENTROPY,1024,Huffman,13,27.743800,15.904600,1048579,592804,1.768846
DS_MEDIUM_ENTROPY_1MB.json,MEDIUM_ENTROPY,1024,Huffman,14,40.864700,16.733400,1048579,592804,1.768846
DS_MEDIUM_ENTROPY_1MB.json,MEDIUM_ENTROPY,1024,Huffman,15,29.698400,15.376000,1048579,592804,1.768846
DS_MEDIUM_ENTROPY_1MB.json,MEDIUM_ENTROPY,1024,Huffman,16,27.467000,15.589800,1048579,592804,1.768846
DS_MEDIUM_ENTROPY_1MB.json,MEDIUM_ENTROPY,1024,Huffman,17,34.310500,13.412200,1048579,592804,1.768846
DS_MEDIUM_ENTROPY_1MB.json,MEDIUM_ENTROPY,1024,Huffman,18,30.322700,14.943000,1048579,592804,1.768846
DS_MEDIUM_ENTROPY_1MB.json,MEDIUM_ENTROPY,1024,Huffman,19,41.988600,21.645500,1048579,592804,1.768846
DS_MEDIUM_ENTROPY_1MB.json,MEDIUM_ENTROPY,1024,Huffman,20,42.893100,18.755000,1048579,592804,1.768846
DS_MEDIUM_ENTROPY_1MB.json,MEDIUM_ENTROPY,1024,Huffman,21,39.628200,20.992900,1048579,592804,1.768846
DS_MEDIUM_ENTROPY_1MB.json,MEDIUM_ENTROPY,1024,Huffman,22,39.100600,19.721500,1048579,592804,1.768846
DS_MEDIUM_ENTROPY_1MB.json,MEDIUM_ENTROPY,1024,Huffman,23,40.018300,15.016000,1048579,592804,1.768846
DS_MEDIUM_ENTROPY_1MB.json,MEDIUM_ENTROPY,1024,Huffman,24,39.635900,20.266200,1048579,592804,1.768846
DS_MEDIUM_ENTROPY_1MB.json,MEDIUM_ENTROPY,1024,Huffman,25,36.001700,20.584500,1048579,592804,1.768846
DS_MEDIUM_ENTROPY_1MB.json,MEDIUM_ENTROPY,1024,Huffman,26,45.367500,20.851600,1048579,592804,1.768846
DS_MEDIUM_ENTROPY_1MB.json,MEDIUM_ENTROPY,1024,Huffman,27,38.963800,19.070700,1048579,592804,1.768846
DS_MEDIUM_ENTROPY_1MB.json,MEDIUM_ENTROPY,1024,Huffman,28,35.764900,20.985700,1048579,592804,1.768846
DS_MEDIUM_ENTROPY_1MB.json,MEDIUM_ENTROPY,1024,Huffman,29,45.071000,15.477100,1048579,592804,1.768846
DS_MEDIUM_ENTROPY_1MB.json,MEDIUM_ENTROPY,1024,Huffman,30,34.545100,19.386500,1048579,592804,1.768846
DS_MEDIUM_ENTROPY_1MB.json,MEDIUM_ENTROPY,1024,LZW,1,81.913400,5.990900,1048579,445244,2.355066
DS_MEDIUM_ENTROPY_1MB.json,MEDIUM_ENTROPY,1024,LZW,2,68.125600,10.110900,1048579,445244,2.355066
DS_MEDIUM_ENTROPY_1MB.json,MEDIUM_ENTROPY,1024,LZW,3,77.926800,5.201900,1048579,445244,2.355066
DS_MEDIUM_ENTROPY_1MB.json,MEDIUM_ENTROPY,1024,LZW,4,69.625500,12.971900,1048579,445244,2.355066
DS_MEDIUM_ENTROPY_1MB.json,MEDIUM_ENTROPY,1024,LZW,5,82.322000,6.020500,1048579,445244,2.355066
DS_MEDIUM_ENTROPY_1MB.json,MEDIUM_ENTROPY,1024,LZW,6,76.987000,5.276500,1048579,445244,2.355066
DS_MEDIUM_ENTROPY_1MB.json,MEDIUM_ENTROPY,1024,LZW,7,78.345900,11.153100,1048579,445244,2.355066
DS_MEDIUM_ENTROPY_1MB.json,MEDIUM_ENTROPY,1024,LZW,8,78.990300,5.078000,1048579,445244,2.355066
DS_MEDIUM_ENTROPY_1MB.json,MEDIUM_ENTROPY,1024,LZW,9,78.339400,5.172800,1048579,445244,2.355066
DS_MEDIUM_ENTROPY_1MB.json,MEDIUM_ENTROPY,1024,LZW,10,73.411600,10.056600,1048579,445244,2.355066
DS_MEDIUM_ENTROPY_1MB.json,MEDIUM_ENTROPY,1024,LZW,11,72.224400,5.091600,1048579,445244,2.355066
DS_MEDIUM_ENTROPY_1MB.json,MEDIUM_ENTROPY,1024,LZW,12,80.104800,5.247800,1048579,445244,2.355066
DS_MEDIUM_ENTROPY_1MB.json,MEDIUM_ENTROPY,1024,LZW,13,76.215900,12.561200,1048579,445244,2.355066
DS_MEDIUM_ENTROPY_1MB.json,MEDIUM_ENTROPY,1024,LZW,14,78.585500,5.186500,1048579,445244,2.355066
DS_MEDIUM_ENTROPY_1MB.json,MEDIUM_ENTROPY,1024,LZW,15,87.153000,5.237100,1048579,445244,2.355066
DS_MEDIUM_ENTROPY_1MB.json,MEDIUM_ENTROPY,1024,LZW,16,72.129300,10.014600,1048579,445244,2.355066
DS_MEDIUM_ENTROPY_1MB.json,MEDIUM_ENTROPY,1024,LZW,17,75.542900,5.453200,1048579,445244,2.355066
DS_MEDIUM_ENTROPY_1MB.json,MEDIUM_ENTROPY,1024,LZW,18,85.853200,5.673000,1048579,445244,2.355066
DS_MEDIUM_ENTROPY_1MB.json,MEDIUM_ENTROPY,1024,LZW,19,73.873100,9.920200,1048579,445244,2.355066
DS_MEDIUM_ENTROPY_1MB.json,MEDIUM_ENTROPY,1024,LZW,20,78.979600,5.606100,1048579,445244,2.355066
DS_MEDIUM_ENTROPY_1MB.json,MEDIUM_ENTROPY,1024,LZW,21,96.850000,6.529400,1048579,445244,2.355066
DS_MEDIUM_ENTROPY_1MB.json,MEDIUM_ENTROPY,1024,LZW,22,99.830900,10.864500,1048579,445244,2.355066
DS_MEDIUM_ENTROPY_1MB.json,MEDIUM_ENTROPY,1024,LZW,23,88.511100,7.984300,1048579,445244,2.355066
DS_MEDIUM_ENTROPY_1MB.json,MEDIUM_ENTROPY,1024,LZW,24,84.988500,7.916400,1048579,445244,2.355066
DS_MEDIUM_ENTROPY_1MB.json,MEDIUM_ENTROPY,1024,LZW,25,92.391600,6.860200,1048579,445244,2.355066
DS_MEDIUM_ENTROPY_1MB.json,MEDIUM_ENTROPY,1024,LZW,26,86.591400,6.930300,1048579,445244,2.355066
DS_MEDIUM_ENTROPY_1MB.json,MEDIUM_ENTROPY,1024,LZW,27,90.893100,7.517400,1048579,445244,2.355066
DS_MEDIUM_ENTROPY_1MB.json,MEDIUM_ENTROPY,1024,LZW,28,84.241600,8.157200,1048579,445244,2.355066
DS_MEDIUM_ENTROPY_1MB.json,MEDIUM_ENTROPY,1024,LZW,29,80.306300,7.227900,1048579,445244,2.355066
DS_MEDIUM_ENTROPY_1MB.json,MEDIUM_ENTROPY,1024,LZW,30,73.659000,5.105700,1048579,445244,2.355066
DS_MEDIUM_ENTROPY_5MB.json,MEDIUM_ENTROPY,5120,Huffman,1,187.220100,98.095000,5242888,2971034,1.764668
DS_MEDIUM_ENTROPY_5MB.json,MEDIUM_ENTROPY,5120,Huffman,2,200.308000,71.389000,5242888,2971034,1.764668
DS_MEDIUM_ENTROPY_5MB.json,MEDIUM_ENTROPY,5120,Huffman,3,147.600900,69.166800,5242888,2971034,1.764668
DS_MEDIUM_ENTROPY_5MB.json,MEDIUM_ENTROPY,5120,Huffman,4,141.193400,72.373100,5242888,2971034,1.764668
DS_MEDIUM_ENTROPY_5MB.json,MEDIUM_ENTROPY,5120,Huffman,5,196.668800,109.831000,5242888,2971034,1.764668
DS_MEDIUM_ENTROPY_5MB.json,MEDIUM_ENTROPY,5120,Huffman,6,174.276200,90.002400,5242888,2971034,1.764668
DS_MEDIUM_ENTROPY_5MB.json,MEDIUM_ENTROPY,5120,Huffman,7,200.995900,96.491400,5242888,2971034,1.764668
DS_MEDIUM_ENTROPY_5MB.json,MEDIUM_ENTROPY,5120,Huffman,8,189.306100,87.911700,5242888,2971034,1.764668
DS_MEDIUM_ENTROPY_5MB.json,MEDIUM_ENTROPY,5120,Huffman,9,195.394500,89.388500,5242888,2971034,1.764668
DS_MEDIUM_ENTROPY_5MB.json,MEDIUM_ENTROPY,5120,Huffman,10,189.992600,96.004800,5242888,2971034,1.764668
DS_MEDIUM_ENTROPY_5MB.json,MEDIUM_ENTROPY,5120,Huffman,11,186.923400,95.041900,5242888,2971034,1.764668
DS_MEDIUM_ENTROPY_5MB.json,MEDIUM_ENTROPY,5120,Huffman,12,194.967900,93.711500,5242888,2971034,1.764668
DS_MEDIUM_ENTROPY_5MB.json,MEDIUM_ENTROPY,5120,Huffman,13,162.295600,64.071400,5242888,2971034,1.764668
DS_MEDIUM_ENTROPY_5MB.json,MEDIUM_ENTROPY,5120,Huffman,14,144.850700,71.164200,5242888,2971034,1.764668
DS_MEDIUM_ENTROPY_5MB.json,MEDIUM_ENTROPY,5120,Huffman,15,148.890800,64.735100,5242888,2971034,1.764668
DS_MEDIUM_ENTROPY_5MB.json,MEDIUM_ENTROPY,5120,Huffman,16,147.680200,67.391100,5242888,2971034,1.764668
DS_MEDIUM_ENTROPY_5MB.json,MEDIUM_ENTROPY,5120,Huffman,17,147.937000,66.991600,5242888,2971034,1.764668
DS_MEDIUM_ENTROPY_5MB.json,MEDIUM_ENTROPY,5120,Huffman,18,147.515500,64.985500,5242888,2971034,1.764668
DS_MEDIUM_ENTROPY_5MB.json,MEDIUM_ENTROPY,5120,Huffman,19,141.488000,68.189400,5242888,2971034,1.764668
DS_MEDIUM_ENTROPY_5MB.json,MEDIUM_ENTROPY,5120,Huffman,20,156.221700,73.835400,5242888,2971034,1.764668
DS_MEDIUM_ENTROPY_5MB.json,MEDIUM_ENTROPY,5120,Huffman,21,158.707100,65.570500,5242888,2971034,1.764668
DS_MEDIUM_ENTROPY_5MB.json,MEDIUM_ENTROPY,5120,Huffman,22,150.419100,69.991200,5242888,2971034,1.764668
DS_MEDIUM_ENTROPY_5MB.json,MEDIUM_ENTROPY,5120,Huffman,23,141.219100,64.476300,5242888,2971034,1.764668
DS_MEDIUM_ENTROPY_5MB.json,MEDIUM_ENTROPY,5120,Huffman,24,149.445000,65.361000,5242888,2971034,1.764668
DS_MEDIUM_ENTROPY_5MB.json,MEDIUM_ENTROPY,5120,Huffman,25,155.723600,74.996300,5242888,2971034,1.764668
DS_MEDIUM_ENTROPY_5MB.json,MEDIUM_ENTROPY,5120,Huffman,26,154.657000,71.126500,5242888,2971034,1.764668
DS_MEDIUM_ENTROPY_5MB.json,MEDIUM_ENTROPY,5120,Huffman,27,148.020200,70.738200,5242888,2971034,1.764668
DS_MEDIUM_ENTROPY_5MB.json,MEDIUM_ENTROPY,5120,Huffman,28,155.478200,72.947400,5242888,2971034,1.764668
DS_MEDIUM_ENTROPY_5MB.json,MEDIUM_ENTROPY,5120,Huffman,29,151.426700,65.661800,5242888,2971034,1.764668
DS_MEDIUM_ENTROPY_5MB.json,MEDIUM_ENTROPY,5120,Huffman,30,157.201800,74.788100,5242888,2971034,1.764668
DS_MEDIUM_ENTROPY_5MB.json,MEDIUM_ENTROPY,5120,LZW,1,351.403700,26.338100,5242888,2310640,2.269020
DS_MEDIUM_ENTROPY_5MB.json,MEDIUM_ENTROPY,5120,LZW,2,360.965300,30.911200,5242888,2310640,2.269020
DS_MEDIUM_ENTROPY_5MB.json,MEDIUM_ENTROPY,5120,LZW,3,364.261400,28.378000,5242888,2310640,2.269020
DS_MEDIUM_ENTROPY_5MB.json,MEDIUM_ENTROPY,5120,LZW,4,349.936700,27.854100,5242888,2310640,2.269020
DS_MEDIUM_ENTROPY_5MB.json,MEDIUM_ENTROPY,5120,LZW,5,351.721300,30.284200,5242888,2310640,2.269020
DS_MEDIUM_ENTROPY_5MB.json,MEDIUM_ENTROPY,5120,LZW,6,346.834100,27.969700,5242888,2310640,2.269020
DS_MEDIUM_ENTROPY_5MB.json,MEDIUM_ENTROPY,5120,LZW,7,364.119000,47.056600,5242888,2310640,2.269020
DS_MEDIUM_ENTROPY_5MB.json,MEDIUM_ENTROPY,5120,LZW,8,354.391200,62.791700,5242888,2310640,2.269020
DS_MEDIUM_ENTROPY_5MB.json,MEDIUM_ENTROPY,5120,LZW,9,358.399700,27.774200,5242888,2310640,2.269020
DS_MEDIUM_ENTROPY_5MB.json,MEDIUM_ENTROPY,5120,LZW,10,379.127800,42.830600,5242888,2310640,2.269020
DS_MEDIUM_ENTROPY_5MB.json,MEDIUM_ENTROPY,5120,LZW,11,334.490000,29.533100,5242888,2310640,2.269020
DS_MEDIUM_ENTROPY_5MB.json,MEDIUM_ENTROPY,5120,LZW,12,376.153300,29.288000,5242888,2310640,2.269020
DS_MEDIUM_ENTROPY_5MB.json,MEDIUM_ENTROPY,5120,LZW,13,352.537800,26.981000,5242888,2310640,2.269020
DS_MEDIUM_ENTROPY_5MB.json,MEDIUM_ENTROPY,5120,LZW,14,342.149500,42.154700,5242888,2310640,2.269020
DS_MEDIUM_ENTROPY_5MB.json,MEDIUM_ENTROPY,5120,LZW,15,361.936300,30.254800,5242888,2310640,2.269020
DS_MEDIUM_ENTROPY_5MB.json,MEDIUM_ENTROPY,5120,LZW,16,368.765400,53.295000,5242888,2310640,2.269020
DS_MEDIUM_ENTROPY_5MB.json,MEDIUM_ENTROPY,5120,LZW,17,349.936100,42.425000,5242888,2310640,2.269020
DS_MEDIUM_ENTROPY_5MB.json,MEDIUM_ENTROPY,5120,LZW,18,348.611100,65.731500,5242888,2310640,2.269020
DS_MEDIUM_ENTROPY_5MB.json,MEDIUM_ENTROPY,5120,LZW,19,338.095300,30.726800,5242888,2310640,2.269020
DS_MEDIUM_ENTROPY_5MB.json,MEDIUM_ENTROPY,5120,LZW,20,380.136700,34.917700,5242888,2310640,2.269020
DS_MEDIUM_ENTROPY_5MB.json,MEDIUM_ENTROPY,5120,LZW,21,380.394300,37.465600,5242888,2310640,2.269020
DS_MEDIUM_ENTROPY_5MB.json,MEDIUM_ENTROPY,5120,LZW,22,367.377900,29.590900,5242888,2310640,2.269020
DS_MEDIUM_ENTROPY_5MB.json,MEDIUM_ENTROPY,5120,LZW,23,343.621000,31.327400,5242888,2310640,2.269020
DS_MEDIUM_ENTROPY_5MB.json,MEDIUM_ENTROPY,5120,LZW,24,374.333600,32.916000,5242888,2310640,2.269020
DS_MEDIUM_ENTROPY_5MB.json,MEDIUM_ENTROPY,5120,LZW,25,348.298600,40.530800,5242888,2310640,2.269020
DS_MEDIUM_ENTROPY_5MB.json,MEDIUM_ENTROPY,5120,LZW,26,378.560000,48.840600,5242888,2310640,2.269020
DS_MEDIUM_ENTROPY_5MB.json,MEDIUM_ENTROPY,5120,LZW,27,364.599900,46.743400,5242888,2310640,2.269020
DS_MEDIUM_ENTROPY_5MB.json,MEDIUM_ENTROPY,5120,LZW,28,354.494100,28.946800,5242888,2310640,2.269020
DS_MEDIUM_ENTROPY_5MB.json,MEDIUM_ENTROPY,5120,LZW,29,361.636400,27.228800,5242888,2310640,2.269020
DS_MEDIUM_ENTROPY_5MB.json,MEDIUM_ENTROPY,5120,LZW,30,352.646000,41.517800,5242888,2310640,2.269020
